file,query_def,match,e-value,p-value,start,end,identitie,align_length,coverage%,score,more
map_2_1.out, NODE_484_length_543_cov_47.576427, no,,,,,,,,
map_2_1.out, NODE_595_length_1277_cov_72.176979, no,,,,,,,,
map_2_1.out, NODE_703_length_1000_cov_72.315002, no,,,,,,,,
map_2_1.out, NODE_786_length_1857_cov_43.683361, no,,,,,,,,
map_2_1.out, NODE_790_length_776_cov_29.684278, yes, 1.34607e-158 , 0.0 , 300123 , 300560 , 401 , 447 , 0.9 , 302.0 , 1
map_2_1.out, NODE_823_length_1081_cov_28.307123, no,,,,,,,,
map_2_1.out, NODE_868_length_485_cov_36.274227, yes, 0.0 , 0.0 , 407466 , 407049 , 416 , 418 , 1.0 , 412.0 , 1
map_2_1.out, NODE_1029_length_541_cov_35.484287, no,,,,,,,,
map_2_1.out, NODE_1638_length_1169_cov_38.772453, yes, 0.0 , 0.0 , 71780 , 72490 , 601 , 719 , 0.84 , 355.0 , 1
map_2_1.out, NODE_1654_length_589_cov_26.492359, no,,,,,,,,
map_2_1.out, NODE_1819_length_586_cov_29.465870, no,,,,,,,,
map_2_1.out, NODE_2085_length_743_cov_17.328398, yes, 0.0 , 0.0 , 597538 , 598300 , 761 , 763 , 1.0 , 757.0 , 1
map_2_1.out, NODE_2192_length_1521_cov_34.521366, no,,,,,,,,
map_2_1.out, NODE_2273_length_747_cov_47.449799, no,,,,,,,,
map_2_1.out, NODE_2372_length_516_cov_68.027130, no,,,,,,,,
map_2_1.out, NODE_2435_length_732_cov_83.075134, no,,,,,,,,
map_2_1.out, NODE_2576_length_560_cov_46.891071, yes, 0.0 , 0.0 , 888669 , 888229 , 440 , 442 , 1.0 , 435.0 , 2
map_2_1.out, NODE_2655_length_522_cov_57.488506, yes, 5.63885e-131 , 0.0 , 114240 , 113983 , 256 , 258 , 0.99 , 252.0 , 1
map_2_1.out, NODE_2723_length_480_cov_8.822917, yes, 0.0 , 0.0 , 5125 , 5624 , 500 , 500 , 1.0 , 500.0 , 1
map_2_1.out, NODE_2734_length_911_cov_25.358946, yes, 0.0 , 0.0 , 1073379 , 1072450 , 834 , 930 , 0.9 , 642.0 , 1
map_2_1.out, NODE_2806_length_628_cov_64.757965, no,,,,,,,,
map_2_1.out, NODE_2854_length_1966_cov_61.830620, no,,,,,,,,
map_2_1.out, NODE_2924_length_703_cov_24.462305, no,,,,,,,,
map_2_1.out, NODE_3115_length_543_cov_27.955801, yes, 0.0 , 0.0 , 198245 , 197777 , 463 , 469 , 0.99 , 451.0 , 3
map_2_1.out, NODE_3153_length_1545_cov_23.381229, yes, 0.0 , 0.0 , 20407 , 18843 , 1432 , 1566 , 0.91 , 1163.0 , 1
map_2_1.out, NODE_3217_length_622_cov_27.673634, yes, 0.0 , 0.0 , 592196 , 592835 , 639 , 640 , 1.0 , 637.0 , 1
map_2_1.out, NODE_3255_length_801_cov_48.141075, no,,,,,,,,
map_2_1.out, NODE_3468_length_944_cov_80.385590, yes, 4.26524e-25 , 0.0 , 113984 , 113914 , 68 , 71 , 0.96 , 62.0 , 1
map_2_1.out, NODE_3491_length_489_cov_15.840490, yes, 0.0 , 0.0 , 2608725 , 2608217 , 469 , 509 , 0.92 , 389.0 , 1
map_2_1.out, NODE_3833_length_495_cov_7.543434, yes, 0.0 , 0.0 , 986122 , 985609 , 512 , 516 , 0.99 , 502.0 , 1
map_2_1.out, NODE_4083_length_654_cov_12.347095, yes, 0.0 , 0.0 , 1600182 , 1599525 , 657 , 658 , 1.0 , 655.0 , 1
map_2_1.out, NODE_4234_length_726_cov_45.100552, no,,,,,,,,
map_2_1.out, NODE_4317_length_558_cov_53.345879, no,,,,,,,,
map_2_1.out, NODE_4527_length_747_cov_37.658634, no,,,,,,,,
map_2_1.out, NODE_4629_length_1040_cov_71.431732, no,,,,,,,,
map_2_1.out, NODE_4771_length_1624_cov_82.099754, no,,,,,,,,
map_2_1.out, NODE_4790_length_954_cov_74.321800, no,,,,,,,,
map_2_1.out, NODE_4856_length_493_cov_37.860039, yes, 4.51146e-67 , 0.0 , 657764 , 657609 , 150 , 156 , 0.96 , 137.0 , 1
map_2_1.out, NODE_4868_length_612_cov_25.362745, yes, 3.7909e-163 , 0.0 , 2667743 , 2668073 , 324 , 331 , 0.98 , 310.0 , 1
map_2_1.out, NODE_4913_length_535_cov_17.835514, yes, 0.0 , 0.0 , 409989 , 410540 , 552 , 552 , 1.0 , 552.0 , 1
map_2_1.out, NODE_5098_length_499_cov_24.078156, yes, 0.0 , 0.0 , 88857 , 89283 , 422 , 427 , 0.99 , 412.0 , 3
1.78805e-06 , 1.78804840145e-06 , 628586 , 628613 , 28 , 28 , 1.0 , 28.0 , 1
map_2_1.out, NODE_5548_length_628_cov_7.103503, yes, 0.0 , 0.0 , 120196 , 120843 , 647 , 648 , 1.0 , 645.0 , 1
map_2_1.out, NODE_5647_length_1356_cov_42.799412, no,,,,,,,,
map_2_1.out, NODE_5648_length_499_cov_25.442886, yes, 0.0 , 0.0 , 1068163 , 1068681 , 470 , 519 , 0.91 , 372.0 , 1
map_2_1.out, NODE_5681_length_1019_cov_25.629047, no,,,,,,,,
map_2_1.out, NODE_5822_length_1268_cov_22.906151, no,,,,,,,,
map_2_1.out, NODE_5845_length_715_cov_16.879721, yes, 0.0 , 0.0 , 1057926 , 1058660 , 677 , 735 , 0.92 , 561.0 , 1
map_2_1.out, NODE_5849_length_830_cov_57.161446, no,,,,,,,,
map_2_1.out, NODE_5850_length_693_cov_52.603176, no,,,,,,,,
map_2_1.out, NODE_5929_length_561_cov_26.636364, no,,,,,,,,
map_2_1.out, NODE_6016_length_496_cov_122.610886, no,,,,,,,,
map_2_1.out, NODE_6092_length_591_cov_20.125212, yes, 0.0 , 0.0 , 102890 , 102279 , 543 , 615 , 0.88 , 395.0 , 1
map_2_1.out, NODE_6135_length_519_cov_33.368015, yes, 0.0 , 0.0 , 92906 , 93339 , 425 , 434 , 0.98 , 407.0 , 1
map_2_1.out, NODE_6179_length_500_cov_39.346001, yes, 0.0 , 0.0 , 65963 , 66481 , 468 , 523 , 0.89 , 354.0 , 1
map_2_1.out, NODE_6221_length_841_cov_34.367420, no,,,,,,,,
map_2_1.out, NODE_6283_length_736_cov_49.872284, yes, 3.16434e-60 , 0.0 , 912309 , 912106 , 187 , 214 , 0.87 , 125.0 , 1
map_2_1.out, NODE_6301_length_916_cov_43.686680, no,,,,,,,,
map_2_1.out, NODE_6407_length_717_cov_41.210598, no,,,,,,,,
map_2_1.out, NODE_6426_length_540_cov_37.129631, yes, 0.0 , 0.0 , 1066067 , 1066623 , 489 , 557 , 0.88 , 353.0 , 1
map_2_1.out, NODE_6445_length_579_cov_38.813473, yes, 0.0 , 0.0 , 836263 , 836851 , 555 , 589 , 0.94 , 487.0 , 1
map_2_1.out, NODE_6624_length_551_cov_18.713249, yes, 0.0 , 0.0 , 218273 , 218840 , 548 , 570 , 0.96 , 501.0 , 1
map_2_1.out, NODE_6660_length_2168_cov_47.142067, no,,,,,,,,
map_2_1.out, NODE_6773_length_601_cov_20.357737, yes, 0.0 , 0.0 , 632685 , 633137 , 450 , 453 , 0.99 , 444.0 , 2
map_2_1.out, NODE_6822_length_671_cov_33.713860, yes, 2.39237e-11 , 2.39237518684e-11 , 125403 , 125367 , 37 , 37 , 1.0 , 37.0 , 1
map_2_1.out, NODE_6829_length_1829_cov_36.332420, no,,,,,,,,
map_2_1.out, NODE_6888_length_1812_cov_44.795254, yes, 0.0 , 0.0 , 792788 , 791000 , 1410 , 1856 , 0.76 , 461.0 , 1
map_2_1.out, NODE_6914_length_565_cov_78.653099, no,,,,,,,,
map_2_1.out, NODE_7008_length_970_cov_26.446392, yes, 2.37249e-97 , 0.0 , 1036684 , 1036487 , 196 , 198 , 0.99 , 192.0 , 1
map_2_1.out, NODE_7034_length_649_cov_69.713402, no,,,,,,,,
map_2_1.out, NODE_7085_length_1637_cov_21.311546, no,,,,,,,,
map_2_1.out, NODE_7328_length_754_cov_79.787796, no,,,,,,,,
map_2_1.out, NODE_7516_length_642_cov_33.445484, no,,,,,,,,
map_2_1.out, NODE_7522_length_493_cov_43.369167, no,,,,,,,,
map_2_1.out, NODE_7610_length_1343_cov_21.695457, yes, 0.0 , 0.0 , 104307 , 105572 , 1040 , 1319 , 0.79 , 430.0 , 1
map_2_1.out, NODE_7738_length_529_cov_39.449905, yes, 0.0 , 0.0 , 831411 , 831908 , 496 , 498 , 1.0 , 492.0 , 2
map_2_1.out, NODE_7839_length_518_cov_4.416988, yes, 0.0 , 0.0 , 979800 , 980337 , 536 , 538 , 1.0 , 532.0 , 1
map_2_1.out, NODE_8027_length_733_cov_17.618008, yes, 0.0 , 0.0 , 1060314 , 1061059 , 680 , 747 , 0.91 , 545.0 , 1
map_2_1.out, NODE_8050_length_1507_cov_75.619774, no,,,,,,,,
map_2_1.out, NODE_8092_length_836_cov_39.058613, no,,,,,,,,
map_2_1.out, NODE_8102_length_536_cov_34.009327, yes, 0.0 , 0.0 , 140967 , 140412 , 500 , 561 , 0.89 , 373.0 , 1
map_2_1.out, NODE_8134_length_1109_cov_47.205589, no,,,,,,,,
map_2_1.out, NODE_8214_length_982_cov_33.030548, yes, 0.0 , 0.0 , 1041430 , 1040429 , 889 , 1003 , 0.89 , 660.0 , 1
map_2_1.out, NODE_8289_length_794_cov_11.078086, yes, 0.0 , 0.0 , 2608893 , 2609706 , 757 , 814 , 0.93 , 643.0 , 1
map_2_1.out, NODE_8395_length_511_cov_6.430528, yes, 0.0 , 0.0 , 176962 , 176541 , 420 , 422 , 1.0 , 416.0 , 2
map_2_1.out, NODE_8435_length_2385_cov_30.683437, no,,,,,,,,
map_2_1.out, NODE_8483_length_482_cov_9.921162, yes, 0.0 , 0.0 , 234018 , 233517 , 500 , 502 , 1.0 , 496.0 , 1
map_2_1.out, NODE_8506_length_603_cov_75.300163, no,,,,,,,,
map_2_1.out, NODE_8507_length_1365_cov_28.795605, no,,,,,,,,
map_2_1.out, NODE_8510_length_853_cov_27.566236, no,,,,,,,,
map_2_1.out, NODE_8513_length_879_cov_19.012514, yes, 0.0 , 0.0 , 1087150 , 1086625 , 496 , 526 , 0.94 , 435.0 , 2
1.29322e-94 , 0.0 , 31247 , 31568 , 279 , 324 , 0.86 , 187.0 , 1
map_2_1.out, NODE_8610_length_484_cov_80.450417, no,,,,,,,,
map_2_1.out, NODE_8647_length_644_cov_22.461180, no,,,,,,,,
map_2_1.out, NODE_8785_length_715_cov_65.318878, no,,,,,,,,
map_2_1.out, NODE_8891_length_1177_cov_28.591333, no,,,,,,,,
map_2_1.out, NODE_8899_length_772_cov_53.695595, no,,,,,,,,
map_2_1.out, NODE_8916_length_597_cov_43.589615, yes, 0.0 , 0.0 , 373192 , 372794 , 398 , 399 , 1.0 , 396.0 , 2
map_2_1.out, NODE_8943_length_507_cov_51.132149, no,,,,,,,,
map_2_1.out, NODE_9090_length_533_cov_76.343338, no,,,,,,,,
map_2_1.out, NODE_9176_length_708_cov_37.170902, no,,,,,,,,
map_2_1.out, NODE_9214_length_603_cov_40.061359, no,,,,,,,,
map_2_1.out, NODE_9285_length_647_cov_22.270479, yes, 0.0 , 0.0 , 1374760 , 1375347 , 588 , 588 , 1.0 , 588.0 , 2
map_2_1.out, NODE_9291_length_1774_cov_80.204056, no,,,,,,,,
map_2_1.out, NODE_9355_length_515_cov_34.227184, yes, 0.0 , 0.0 , 26514 , 26938 , 424 , 425 , 1.0 , 422.0 , 1
map_2_1.out, NODE_9356_length_1424_cov_23.764748, no,,,,,,,,
map_2_1.out, NODE_9365_length_634_cov_64.908516, no,,,,,,,,
map_2_1.out, NODE_9485_length_1046_cov_28.371893, yes, 0.0 , 0.0 , 1616449 , 1616848 , 399 , 400 , 1.0 , 397.0 , 4
1.15752e-115 , 0.0 , 1089625 , 1089385 , 236 , 241 , 0.98 , 225.0 , 9
7.74639e-38 , 0.0 , 1381384 , 1381519 , 120 , 137 , 0.88 , 85.0 , 3
6.07366e-29 , 0.0 , 87839 , 87771 , 69 , 69 , 1.0 , 69.0 , 3
7.85677e-28 , 0.0 , 1849852 , 1849918 , 67 , 67 , 1.0 , 67.0 , 4
7.85677e-28 , 0.0 , 1064903 , 1064834 , 69 , 70 , 0.99 , 67.0 , 2
2.8258e-27 , 0.0 , 188311 , 188376 , 66 , 66 , 1.0 , 66.0 , 3
2.8258e-27 , 0.0 , 395330 , 395398 , 68 , 69 , 0.99 , 66.0 , 1
2.8258e-27 , 0.0 , 784734 , 784802 , 68 , 69 , 0.99 , 66.0 , 1
1.01634e-26 , 0.0 , 2243575 , 2243645 , 69 , 71 , 0.97 , 65.0 , 3
1.01634e-26 , 0.0 , 623048 , 623118 , 69 , 71 , 0.97 , 65.0 , 1
3.6554e-26 , 0.0 , 942830 , 942893 , 64 , 64 , 1.0 , 64.0 , 3
4.79594e-15 , 4.77395900589e-15 , 952591 , 952527 , 58 , 65 , 0.89 , 44.0 , 1
6.20394e-14 , 6.20614670765e-14 , 30663 , 30707 , 44 , 45 , 0.98 , 42.0 , 1
map_2_1.out, NODE_9528_length_609_cov_22.333334, no,,,,,,,,
map_2_1.out, NODE_9587_length_504_cov_7.880952, yes, 0.0 , 0.0 , 5917 , 6440 , 519 , 524 , 0.99 , 509.0 , 1
0.0 , 0.0 , 5862 , 6385 , 519 , 524 , 0.99 , 509.0 , 1
0.0 , 0.0 , 725358 , 724835 , 516 , 524 , 0.98 , 500.0 , 1
0.0 , 0.0 , 2969931 , 2969408 , 516 , 524 , 0.98 , 500.0 , 1
0.0 , 0.0 , 440345 , 439822 , 510 , 524 , 0.97 , 482.0 , 1
0.0 , 0.0 , 5862 , 6385 , 504 , 524 , 0.96 , 464.0 , 1
0.0 , 0.0 , 1004667 , 1004144 , 504 , 524 , 0.96 , 464.0 , 1
map_2_1.out, NODE_9656_length_752_cov_14.896276, yes, 0.0 , 0.0 , 394042 , 393270 , 718 , 778 , 0.92 , 592.0 , 1
map_2_1.out, NODE_9761_length_738_cov_21.730352, no,,,,,,,,
map_2_1.out, NODE_9872_length_518_cov_82.225868, no,,,,,,,,
map_2_1.out, NODE_10137_length_616_cov_95.725647, yes, 0.0 , 0.0 , 337910 , 338544 , 579 , 637 , 0.91 , 461.0 , 1
map_2_1.out, NODE_10342_length_535_cov_16.979439, yes, 0.0 , 0.0 , 1022107 , 1021553 , 506 , 555 , 0.91 , 408.0 , 1
map_2_1.out, NODE_10403_length_3526_cov_24.360466, no,,,,,,,,
map_2_1.out, NODE_10471_length_504_cov_28.773809, yes, 3.94807e-177 , 0.0 , 1051616 , 1051093 , 461 , 524 , 0.88 , 335.0 , 1
6.79614e-155 , 0.0 , 94052 , 93593 , 411 , 466 , 0.88 , 295.0 , 1
map_2_1.out, NODE_10507_length_480_cov_35.277084, no,,,,,,,,
map_2_1.out, NODE_10621_length_502_cov_3.237052, yes, 0.0 , 0.0 , 2258148 , 2257637 , 495 , 515 , 0.96 , 452.0 , 2
map_2_1.out, NODE_10652_length_1605_cov_26.060436, no,,,,,,,,
map_2_1.out, NODE_10670_length_684_cov_73.064331, no,,,,,,,,
map_2_1.out, NODE_10837_length_633_cov_17.927330, yes, 0.0 , 0.0 , 1079854 , 1080506 , 610 , 653 , 0.93 , 524.0 , 1
map_2_1.out, NODE_10875_length_610_cov_21.449181, yes, 0.0 , 0.0 , 1047723 , 1047094 , 570 , 632 , 0.9 , 444.0 , 1
1.28068e-23 , 0.0 , 89447 , 89185 , 203 , 268 , 0.76 , 59.0 , 2
map_2_1.out, NODE_10892_length_1014_cov_33.515778, no,,,,,,,,
map_2_1.out, NODE_10956_length_980_cov_64.127548, no,,,,,,,,
map_2_1.out, NODE_10990_length_627_cov_39.901115, yes, 6.63944e-146 , 0.0 , 645784 , 646157 , 347 , 379 , 0.92 , 279.0 , 2
4.73537e-23 , 0.0 , 276691 , 276564 , 107 , 130 , 0.82 , 58.0 , 2
map_2_1.out, NODE_11108_length_682_cov_83.898827, no,,,,,,,,
map_2_1.out, NODE_11168_length_523_cov_28.198853, yes, 0.0 , 0.0 , 1059187 , 1058645 , 493 , 543 , 0.91 , 393.0 , 1
map_2_1.out, NODE_11214_length_526_cov_45.083649, yes, 2.83757e-79 , 0.0 , 43131 , 42926 , 193 , 209 , 0.92 , 159.0 , 1
map_2_1.out, NODE_11265_length_878_cov_14.027335, yes, 0.0 , 0.0 , 1928068 , 1928965 , 841 , 900 , 0.93 , 721.0 , 2
0.0 , 0.0 , 1048051 , 1048948 , 814 , 898 , 0.91 , 646.0 , 1
map_2_1.out, NODE_11294_length_981_cov_44.266056, no,,,,,,,,
map_2_1.out, NODE_11459_length_1608_cov_56.968285, no,,,,,,,,
map_2_1.out, NODE_11475_length_643_cov_21.293934, yes, 0.0 , 0.0 , 2632448 , 2632851 , 403 , 404 , 1.0 , 401.0 , 2
1.78436e-07 , 1.784359841e-07 , 446862 , 446833 , 30 , 30 , 1.0 , 30.0 , 1
map_2_1.out, NODE_11476_length_571_cov_61.548161, no,,,,,,,,
map_2_1.out, NODE_11526_length_483_cov_5.267081, yes, 0.0 , 0.0 , 1436467 , 1435965 , 503 , 503 , 1.0 , 503.0 , 1
map_2_1.out, NODE_11527_length_497_cov_12.207244, yes, 0.0 , 0.0 , 540233 , 540737 , 502 , 505 , 0.99 , 496.0 , 1
map_2_1.out, NODE_11628_length_1179_cov_26.357931, yes, 1.48269e-25 , 0.0 , 237687 , 237807 , 104 , 123 , 0.85 , 63.0 , 1
map_2_1.out, NODE_11643_length_691_cov_42.953690, no,,,,,,,,
map_2_1.out, NODE_11797_length_800_cov_29.957500, no,,,,,,,,
map_2_1.out, NODE_11844_length_514_cov_34.110893, yes, 0.0 , 0.0 , 1351038 , 1351524 , 482 , 487 , 0.99 , 472.0 , 1
map_2_1.out, NODE_11881_length_490_cov_33.091835, yes, 0.0 , 0.0 , 250233 , 250682 , 444 , 450 , 0.99 , 432.0 , 1
map_2_1.out, NODE_11893_length_1185_cov_20.946835, yes, 0.0 , 0.0 , 1047737 , 1048941 , 1105 , 1205 , 0.92 , 905.0 , 1
map_2_1.out, NODE_11902_length_601_cov_35.064892, yes, 0.0 , 0.0 , 309270 , 308750 , 518 , 522 , 0.99 , 509.0 , 1
map_2_1.out, NODE_11934_length_1710_cov_22.392982, yes, 0.0 , 0.0 , 2783862 , 2784251 , 389 , 390 , 1.0 , 387.0 , 1
map_2_1.out, NODE_11983_length_559_cov_25.289803, yes, 0.0 , 0.0 , 304457 , 304936 , 477 , 480 , 0.99 , 471.0 , 2
map_2_1.out, NODE_12008_length_950_cov_18.373684, yes, 0.0 , 0.0 , 848846 , 848359 , 484 , 493 , 0.98 , 463.0 , 2
map_2_1.out, NODE_12046_length_898_cov_53.071270, no,,,,,,,,
map_2_1.out, NODE_12099_length_907_cov_36.063946, no,,,,,,,,
map_2_1.out, NODE_12160_length_609_cov_23.001642, no,,,,,,,,
map_2_1.out, NODE_12164_length_555_cov_23.801802, no,,,,,,,,
map_2_1.out, NODE_12219_length_636_cov_20.729559, yes, 0.0 , 0.0 , 294877 , 294225 , 582 , 662 , 0.88 , 414.0 , 1
map_2_1.out, NODE_12241_length_554_cov_25.012636, yes, 3.55274e-138 , 0.0 , 1023028 , 1022644 , 345 , 385 , 0.9 , 265.0 , 1
map_2_1.out, NODE_12298_length_483_cov_22.910973, yes, 0.0 , 0.0 , 217323 , 217826 , 466 , 507 , 0.92 , 380.0 , 1
map_2_1.out, NODE_12464_length_638_cov_45.956112, yes, 1.94625e-121 , 0.0 , 131421 , 131764 , 313 , 350 , 0.89 , 235.0 , 1
map_2_1.out, NODE_12481_length_493_cov_10.584179, yes, 0.0 , 0.0 , 1619084 , 1618572 , 511 , 513 , 1.0 , 507.0 , 1
map_2_1.out, NODE_12501_length_576_cov_32.654514, no,,,,,,,,
map_2_1.out, NODE_12511_length_895_cov_56.376537, no,,,,,,,,
map_2_1.out, NODE_12624_length_1781_cov_45.661987, no,,,,,,,,
map_2_1.out, NODE_12814_length_509_cov_66.528488, no,,,,,,,,
map_2_1.out, NODE_12885_length_975_cov_49.770256, no,,,,,,,,
map_2_1.out, NODE_12965_length_500_cov_59.389999, yes, 1.49064e-136 , 0.0 , 32091 , 32604 , 445 , 530 , 0.84 , 262.0 , 1
3.31928e-113 , 0.0 , 1002093 , 1001580 , 432 , 531 , 0.81 , 220.0 , 1
2.15936e-55 , 0.0 , 2457977 , 2457578 , 320 , 415 , 0.77 , 116.0 , 1
2.79331e-54 , 0.0 , 2668774 , 2668289 , 387 , 512 , 0.76 , 114.0 , 1
map_2_1.out, NODE_13004_length_584_cov_23.691780, yes, 0.0 , 0.0 , 1061061 , 1061664 , 557 , 604 , 0.92 , 463.0 , 1
map_2_1.out, NODE_13014_length_822_cov_33.951340, yes, 0.0 , 0.0 , 1074582 , 1073741 , 757 , 844 , 0.9 , 581.0 , 1
map_2_1.out, NODE_13022_length_519_cov_40.610790, yes, 0.0 , 0.0 , 1201726 , 1202202 , 470 , 477 , 0.99 , 454.0 , 2
6.41275e-36 , 0.0 , 4117 , 4253 , 121 , 138 , 0.88 , 81.0 , 1
map_2_1.out, NODE_13101_length_897_cov_26.443701, no,,,,,,,,
map_2_1.out, NODE_13264_length_1002_cov_42.845310, no,,,,,,,,
map_2_1.out, NODE_13449_length_550_cov_4.265455, yes, 0.0 , 0.0 , 439006 , 438506 , 499 , 501 , 1.0 , 495.0 , 2
map_2_1.out, NODE_13543_length_480_cov_2.964583, yes, 0.0 , 0.0 , 22494 , 22993 , 500 , 500 , 1.0 , 500.0 , 1
map_2_1.out, NODE_13733_length_2334_cov_41.196659, no,,,,,,,,
map_2_1.out, NODE_13778_length_850_cov_49.238823, yes, 0.0 , 0.0 , 256144 , 256666 , 509 , 523 , 0.97 , 480.0 , 1
1.79845e-18 , 0.0 , 508316 , 508226 , 80 , 93 , 0.86 , 50.0 , 1
map_2_1.out, NODE_13798_length_559_cov_18.651163, yes, 0.0 , 0.0 , 1361899 , 1361395 , 505 , 505 , 1.0 , 505.0 , 2
map_2_1.out, NODE_13840_length_2135_cov_28.285246, yes, 3.55278e-09 , 3.55277995912e-09 , 103059 , 103095 , 36 , 37 , 0.97 , 34.0 , 1
map_2_1.out, NODE_13934_length_732_cov_40.338799, yes, 0.0 , 0.0 , 36253 , 35758 , 495 , 496 , 1.0 , 493.0 , 2
map_2_1.out, NODE_13949_length_675_cov_40.645927, no,,,,,,,,
map_2_1.out, NODE_13971_length_511_cov_31.968689, yes, 0.0 , 0.0 , 963008 , 962578 , 427 , 432 , 0.99 , 416.0 , 1
map_2_1.out, NODE_13993_length_600_cov_29.988333, yes, 4.49821e-28 , 0.0 , 179230 , 179152 , 75 , 79 , 0.95 , 67.0 , 1
map_2_1.out, NODE_14244_length_514_cov_39.079765, no,,,,,,,,
map_2_1.out, NODE_14410_length_489_cov_62.523518, no,,,,,,,,
map_2_1.out, NODE_14438_length_937_cov_26.543222, yes, 1.39869e-84 , 0.0 , 101434 , 101083 , 305 , 365 , 0.84 , 169.0 , 1
map_2_1.out, NODE_14455_length_547_cov_22.990860, yes, 0.0 , 0.0 , 1052209 , 1052652 , 417 , 444 , 0.94 , 363.0 , 1
map_2_1.out, NODE_14699_length_491_cov_9.714868, yes, 0.0 , 0.0 , 389490 , 388978 , 489 , 516 , 0.95 , 431.0 , 1
map_2_1.out, NODE_14710_length_1173_cov_27.003410, no,,,,,,,,
map_2_1.out, NODE_14777_length_799_cov_65.695869, no,,,,,,,,
map_2_1.out, NODE_14816_length_2631_cov_30.151274, no,,,,,,,,
map_2_1.out, NODE_14921_length_481_cov_1.910603, yes, 0.0 , 0.0 , 1165764 , 1166264 , 497 , 501 , 0.99 , 489.0 , 1
map_2_1.out, NODE_14959_length_565_cov_25.109734, yes, 0.0 , 0.0 , 1087178 , 1086594 , 531 , 585 , 0.91 , 423.0 , 1
map_2_1.out, NODE_14993_length_658_cov_47.401215, no,,,,,,,,
map_2_1.out, NODE_15145_length_837_cov_35.242535, yes, 0.0 , 0.0 , 1014065 , 1014887 , 708 , 824 , 0.86 , 475.0 , 1
map_2_1.out, NODE_15331_length_3029_cov_22.812809, yes, 8.14809e-32 , 0.0 , 186995 , 186835 , 138 , 167 , 0.83 , 75.0 , 2
map_2_1.out, NODE_15391_length_543_cov_74.071823, no,,,,,,,,
map_2_1.out, NODE_15600_length_2331_cov_39.817245, no,,,,,,,,
map_2_1.out, NODE_15675_length_653_cov_10.157734, yes, 0.0 , 0.0 , 788946 , 789618 , 671 , 673 , 1.0 , 667.0 , 1
map_2_1.out, NODE_15695_length_538_cov_3.011153, yes, 0.0 , 0.0 , 660186 , 659632 , 553 , 555 , 1.0 , 549.0 , 1
map_2_1.out, NODE_15742_length_618_cov_60.046925, no,,,,,,,,
map_2_1.out, NODE_15758_length_732_cov_32.329235, no,,,,,,,,
map_2_1.out, NODE_15776_length_578_cov_30.361591, no,,,,,,,,
map_2_1.out, NODE_15845_length_538_cov_24.856876, yes, 0.0 , 0.0 , 374323 , 374765 , 442 , 443 , 1.0 , 440.0 , 2
map_2_1.out, NODE_15886_length_1088_cov_39.902573, no,,,,,,,,
map_2_1.out, NODE_16127_length_799_cov_18.312891, no,,,,,,,,
map_2_1.out, NODE_16228_length_681_cov_11.095448, yes, 0.0 , 0.0 , 1109377 , 1110077 , 698 , 701 , 1.0 , 692.0 , 1
map_2_1.out, NODE_16250_length_4347_cov_24.496204, no,,,,,,,,
map_2_1.out, NODE_16260_length_804_cov_17.267412, yes, 0.0 , 0.0 , 1610060 , 1609607 , 454 , 454 , 1.0 , 454.0 , 4
1.6531e-38 , 0.0 , 463889 , 463801 , 89 , 90 , 0.99 , 86.0 , 2
2.13842e-37 , 0.0 , 25131 , 25220 , 89 , 91 , 0.98 , 84.0 , 1
map_2_1.out, NODE_16267_length_554_cov_2.444043, yes, 0.0 , 0.0 , 1319922 , 1319349 , 574 , 574 , 1.0 , 574.0 , 1
map_2_1.out, NODE_16434_length_724_cov_43.319061, no,,,,,,,,
map_2_1.out, NODE_16519_length_638_cov_10.923198, yes, 0.0 , 0.0 , 123159 , 123617 , 454 , 459 , 0.99 , 444.0 , 2
map_2_1.out, NODE_16542_length_724_cov_8.486188, yes, 0.0 , 0.0 , 2107752 , 2108366 , 614 , 615 , 1.0 , 612.0 , 2
map_2_1.out, NODE_16568_length_1426_cov_78.678123, no,,,,,,,,
map_2_1.out, NODE_16578_length_668_cov_21.829342, yes, 0.0 , 0.0 , 259447 , 260130 , 625 , 691 , 0.9 , 487.0 , 1
map_2_1.out, NODE_16637_length_494_cov_1.767206, yes, 0.0 , 0.0 , 754337 , 753824 , 514 , 514 , 1.0 , 514.0 , 1
map_2_1.out, NODE_16909_length_539_cov_45.962894, yes, 0.0 , 0.0 , 144716 , 144164 , 485 , 555 , 0.87 , 343.0 , 1
1.54103e-166 , 0.0 , 671338 , 670786 , 474 , 553 , 0.86 , 316.0 , 1
map_2_1.out, NODE_17117_length_509_cov_38.514736, yes, 0.0 , 0.0 , 83935 , 83489 , 442 , 447 , 0.99 , 432.0 , 1
map_2_1.out, NODE_17177_length_502_cov_3.605578, yes, 0.0 , 0.0 , 1505935 , 1505417 , 518 , 520 , 1.0 , 513.0 , 1
map_2_1.out, NODE_17179_length_501_cov_18.744511, yes, 0.0 , 0.0 , 2229525 , 2230045 , 519 , 521 , 1.0 , 515.0 , 1
map_2_1.out, NODE_17188_length_498_cov_29.413654, yes, 0.0 , 0.0 , 951689 , 951288 , 399 , 402 , 0.99 , 393.0 , 1
map_2_1.out, NODE_17203_length_505_cov_2.514852, yes, 0.0 , 0.0 , 2318673 , 2318149 , 525 , 525 , 1.0 , 525.0 , 1
map_2_1.out, NODE_17409_length_1462_cov_22.720245, yes, 0.0 , 0.0 , 67107 , 66136 , 833 , 980 , 0.85 , 509.0 , 3
map_2_1.out, NODE_17462_length_712_cov_13.865169, yes, 0.0 , 0.0 , 44025 , 44424 , 400 , 405 , 0.99 , 387.0 , 2
map_2_1.out, NODE_17489_length_826_cov_8.693705, yes, 0.0 , 0.0 , 2133835 , 2133376 , 460 , 460 , 1.0 , 460.0 , 2
map_2_1.out, NODE_17571_length_532_cov_61.334587, no,,,,,,,,
map_2_1.out, NODE_17774_length_482_cov_35.014523, no,,,,,,,,
map_2_1.out, NODE_17840_length_746_cov_11.285522, yes, 0.0 , 0.0 , 103299 , 102840 , 460 , 460 , 1.0 , 460.0 , 2
map_2_1.out, NODE_18079_length_707_cov_35.676098, no,,,,,,,,
map_2_1.out, NODE_18090_length_506_cov_1.897233, yes, 0.0 , 0.0 , 2015166 , 2014641 , 521 , 526 , 0.99 , 511.0 , 1
map_2_1.out, NODE_18097_length_1671_cov_17.973070, yes, 0.0 , 0.0 , 1136010 , 1136778 , 765 , 771 , 0.99 , 752.0 , 3
map_2_1.out, NODE_18100_length_1052_cov_85.421104, no,,,,,,,,
map_2_1.out, NODE_18142_length_637_cov_43.106750, no,,,,,,,,
map_2_1.out, NODE_18206_length_614_cov_49.995113, no,,,,,,,,
map_2_1.out, NODE_18232_length_709_cov_31.000000, yes, 0.0 , 0.0 , 356899 , 357359 , 456 , 475 , 0.96 , 411.0 , 2
map_2_1.out, NODE_18419_length_882_cov_17.263039, yes, 0.0 , 0.0 , 1048070 , 1047168 , 834 , 903 , 0.92 , 695.0 , 1
0.0 , 0.0 , 89802 , 89072 , 615 , 739 , 0.83 , 344.0 , 2
map_2_1.out, NODE_18421_length_485_cov_17.727835, yes, 0.0 , 0.0 , 2406906 , 2406445 , 462 , 462 , 1.0 , 462.0 , 2
map_2_1.out, NODE_18587_length_1987_cov_18.892300, yes, 0.0 , 0.0 , 56893 , 55771 , 1010 , 1138 , 0.89 , 740.0 , 2
map_2_1.out, NODE_18618_length_721_cov_23.988905, no,,,,,,,,
map_2_1.out, NODE_18633_length_1372_cov_41.040089, no,,,,,,,,
map_2_1.out, NODE_18716_length_523_cov_26.315487, yes, 0.0 , 0.0 , 403832 , 403404 , 424 , 429 , 0.99 , 414.0 , 1
map_2_1.out, NODE_18747_length_546_cov_25.609890, no,,,,,,,,
map_2_1.out, NODE_18774_length_719_cov_29.901251, yes, 0.0 , 0.0 , 278662 , 278266 , 383 , 397 , 0.96 , 354.0 , 1
4.88749e-98 , 0.0 , 2638065 , 2637747 , 277 , 319 , 0.87 , 193.0 , 1
map_2_1.out, NODE_18839_length_777_cov_27.904762, no,,,,,,,,
map_2_1.out, NODE_18863_length_1510_cov_26.107946, no,,,,,,,,
map_2_1.out, NODE_18981_length_730_cov_44.460274, no,,,,,,,,
map_2_1.out, NODE_19059_length_649_cov_104.622498, no,,,,,,,,
map_2_1.out, NODE_19088_length_583_cov_25.188679, yes, 0.0 , 0.0 , 724140 , 723739 , 396 , 402 , 0.99 , 384.0 , 1
map_2_1.out, NODE_19217_length_1198_cov_26.223705, no,,,,,,,,
map_2_1.out, NODE_19322_length_543_cov_65.062614, no,,,,,,,,
map_2_1.out, NODE_19482_length_1951_cov_49.129166, no,,,,,,,,
map_2_1.out, NODE_19490_length_1004_cov_39.630478, no,,,,,,,,
map_2_1.out, NODE_19530_length_764_cov_13.548429, yes, 0.0 , 0.0 , 46090 , 46868 , 730 , 786 , 0.93 , 611.0 , 1
map_2_1.out, NODE_19532_length_933_cov_26.159700, yes, 0.0 , 0.0 , 298230 , 297329 , 791 , 916 , 0.86 , 527.0 , 1
map_2_1.out, NODE_19752_length_606_cov_23.072607, yes, 0.0 , 0.0 , 562130 , 561637 , 484 , 494 , 0.98 , 464.0 , 2
map_2_1.out, NODE_19764_length_490_cov_21.824490, yes, 0.0 , 0.0 , 1441303 , 1440794 , 500 , 510 , 0.98 , 475.0 , 1
map_2_1.out, NODE_19800_length_627_cov_47.031898, no,,,,,,,,
map_2_1.out, NODE_19802_length_518_cov_21.604248, yes, 9.70004e-104 , 0.0 , 38936 , 38659 , 255 , 280 , 0.91 , 203.0 , 2
map_2_1.out, NODE_19834_length_591_cov_78.935699, no,,,,,,,,
map_2_1.out, NODE_19994_length_665_cov_45.893234, no,,,,,,,,
map_2_1.out, NODE_19997_length_972_cov_43.871399, no,,,,,,,,
map_2_1.out, NODE_20018_length_1596_cov_43.536343, no,,,,,,,,
map_2_1.out, NODE_20079_length_1004_cov_61.545818, yes, 0.0 , 0.0 , 463992 , 463567 , 426 , 426 , 1.0 , 426.0 , 1
map_2_1.out, NODE_20115_length_537_cov_23.675978, yes, 0.0 , 0.0 , 124936 , 125393 , 456 , 458 , 1.0 , 452.0 , 2
map_2_1.out, NODE_20264_length_658_cov_13.943769, yes, 0.0 , 0.0 , 96645 , 95968 , 631 , 679 , 0.93 , 534.0 , 1
map_2_1.out, NODE_20290_length_492_cov_27.849594, no,,,,,,,,
map_2_1.out, NODE_20301_length_672_cov_44.477680, no,,,,,,,,
map_2_1.out, NODE_20321_length_647_cov_30.170015, yes, 0.0 , 0.0 , 387474 , 388051 , 539 , 592 , 0.91 , 424.0 , 1
map_2_1.out, NODE_20330_length_580_cov_35.741379, yes, 0.0 , 0.0 , 1283777 , 1283360 , 418 , 418 , 1.0 , 418.0 , 1
map_2_1.out, NODE_20341_length_651_cov_32.279572, yes, 2.56925e-120 , 0.0 , 1177817 , 1177426 , 340 , 393 , 0.87 , 233.0 , 2
map_2_1.out, NODE_20342_length_2430_cov_21.140741, yes, 0.0 , 0.0 , 64364 , 65502 , 1040 , 1145 , 0.91 , 821.0 , 1
map_2_1.out, NODE_20394_length_677_cov_29.865583, yes, 1.41225e-28 , 0.0 , 83596 , 83508 , 83 , 90 , 0.92 , 68.0 , 1
map_2_1.out, NODE_20455_length_3652_cov_24.130613, no,,,,,,,,
map_2_1.out, NODE_20761_length_1305_cov_47.766285, no,,,,,,,,
map_2_1.out, NODE_20869_length_900_cov_25.316668, no,,,,,,,,
map_2_1.out, NODE_20879_length_876_cov_20.939497, yes, 0.0 , 0.0 , 301821 , 300926 , 794 , 904 , 0.88 , 566.0 , 1
map_2_1.out, NODE_21052_length_666_cov_61.000000, no,,,,,,,,
map_2_1.out, NODE_21077_length_493_cov_28.616632, yes, 1.08118e-172 , 0.0 , 1051605 , 1051093 , 452 , 514 , 0.88 , 327.0 , 1
map_2_1.out, NODE_21106_length_593_cov_41.252953, yes, 0.0 , 0.0 , 995505 , 996117 , 607 , 613 , 0.99 , 595.0 , 1
map_2_1.out, NODE_21127_length_1161_cov_8.362618, yes, 0.0 , 0.0 , 225224 , 224535 , 686 , 690 , 0.99 , 678.0 , 2
map_2_1.out, NODE_21147_length_588_cov_19.408163, yes, 0.0 , 0.0 , 282519 , 283020 , 461 , 512 , 0.9 , 353.0 , 2
2.59701e-40 , 0.0 , 2047671 , 2047577 , 93 , 95 , 0.98 , 89.0 , 1
map_2_1.out, NODE_21273_length_712_cov_59.905899, yes, 9.89955e-135 , 0.0 , 835697 , 835958 , 261 , 262 , 1.0 , 259.0 , 1
map_2_1.out, NODE_21400_length_782_cov_33.601025, yes, 0.0 , 0.0 , 396005 , 395539 , 467 , 467 , 1.0 , 467.0 , 1
map_2_1.out, NODE_21432_length_559_cov_7.881932, yes, 0.0 , 0.0 , 120887 , 121465 , 578 , 579 , 1.0 , 576.0 , 1
map_2_1.out, NODE_21474_length_935_cov_55.128342, no,,,,,,,,
map_2_1.out, NODE_21535_length_607_cov_24.285007, no,,,,,,,,
map_2_1.out, NODE_21568_length_1139_cov_20.999123, no,,,,,,,,
map_2_1.out, NODE_21951_length_554_cov_42.467510, yes, 3.05391e-64 , 0.0 , 33740 , 33410 , 275 , 341 , 0.81 , 132.0 , 1
map_2_1.out, NODE_22013_length_549_cov_44.009106, yes, 0.0 , 0.0 , 835959 , 836388 , 424 , 430 , 0.99 , 412.0 , 1
map_2_1.out, NODE_22078_length_909_cov_45.141914, no,,,,,,,,
map_2_1.out, NODE_22096_length_2882_cov_20.879250, no,,,,,,,,
map_2_1.out, NODE_22099_length_517_cov_14.222437, yes, 0.0 , 0.0 , 60075 , 59539 , 510 , 542 , 0.94 , 441.0 , 1
map_2_1.out, NODE_22121_length_2525_cov_44.808315, no,,,,,,,,
map_2_1.out, NODE_22150_length_661_cov_2.175492, yes, 0.0 , 0.0 , 616695 , 616015 , 680 , 681 , 1.0 , 678.0 , 1
map_2_1.out, NODE_22459_length_518_cov_31.063707, yes, 4.48118e-107 , 0.0 , 177892 , 178427 , 429 , 538 , 0.8 , 209.0 , 1
map_2_1.out, NODE_22539_length_583_cov_28.528301, yes, 0.0 , 0.0 , 370208 , 370760 , 552 , 553 , 1.0 , 550.0 , 2
map_2_1.out, NODE_22585_length_649_cov_53.778122, no,,,,,,,,
map_2_1.out, NODE_22608_length_529_cov_30.614367, yes, 0.0 , 0.0 , 870471 , 871015 , 523 , 548 , 0.95 , 471.0 , 1
map_2_1.out, NODE_22617_length_484_cov_4.638430, yes, 0.0 , 0.0 , 1679439 , 1679942 , 504 , 504 , 1.0 , 504.0 , 1
map_2_1.out, NODE_22650_length_1404_cov_44.435184, yes, 5.87894e-80 , 0.0 , 86412 , 86707 , 263 , 307 , 0.86 , 161.0 , 2
1.31839e-51 , 0.0 , 2110549 , 2110419 , 126 , 133 , 0.95 , 110.0 , 1
map_2_1.out, NODE_22651_length_1070_cov_40.778503, no,,,,,,,,
map_2_1.out, NODE_22652_length_538_cov_15.842008, yes, 0.0 , 0.0 , 16212 , 15658 , 511 , 571 , 0.89 , 376.0 , 1
map_2_1.out, NODE_22893_length_1224_cov_39.474674, yes, 0.0 , 0.0 , 283762 , 284542 , 688 , 818 , 0.84 , 397.0 , 1
map_2_1.out, NODE_23014_length_504_cov_24.013889, no,,,,,,,,
map_2_1.out, NODE_23035_length_601_cov_62.124790, yes, 1.54226e-62 , 0.0 , 10680 , 10833 , 146 , 154 , 0.95 , 129.0 , 2
map_2_1.out, NODE_23104_length_521_cov_21.792706, yes, 0.0 , 0.0 , 598920 , 599382 , 463 , 463 , 1.0 , 463.0 , 2
map_2_1.out, NODE_23133_length_1302_cov_25.797235, no,,,,,,,,
map_2_1.out, NODE_23134_length_484_cov_10.783058, yes, 0.0 , 0.0 , 1550018 , 1549515 , 500 , 504 , 0.99 , 492.0 , 1
map_2_1.out, NODE_23329_length_982_cov_40.177189, no,,,,,,,,
map_2_1.out, NODE_23413_length_506_cov_33.567192, yes, 0.0 , 0.0 , 111206 , 111677 , 472 , 472 , 1.0 , 472.0 , 2
map_2_1.out, NODE_23426_length_1909_cov_40.555790, yes, 0.0 , 0.0 , 33844 , 35246 , 1194 , 1418 , 0.84 , 727.0 , 1
map_2_1.out, NODE_23498_length_596_cov_43.827183, no,,,,,,,,
map_2_1.out, NODE_23709_length_1263_cov_20.865400, yes, 0.0 , 0.0 , 2149398 , 2149910 , 498 , 518 , 0.96 , 454.0 , 1
0.0 , 0.0 , 56790 , 56279 , 496 , 519 , 0.96 , 444.0 , 1
1.94212e-64 , 0.0 , 916938 , 916765 , 161 , 174 , 0.93 , 133.0 , 1
map_2_1.out, NODE_23722_length_484_cov_35.117767, yes, 0.0 , 0.0 , 147125 , 146704 , 420 , 422 , 1.0 , 415.0 , 1
map_2_1.out, NODE_23768_length_1584_cov_26.360479, no,,,,,,,,
map_2_1.out, NODE_23774_length_1120_cov_29.041964, no,,,,,,,,
map_2_1.out, NODE_23954_length_621_cov_14.402576, yes, 0.0 , 0.0 , 464115 , 463473 , 610 , 643 , 0.95 , 540.0 , 1
map_2_1.out, NODE_24120_length_576_cov_82.314240, no,,,,,,,,
map_2_1.out, NODE_24335_length_1131_cov_37.478336, no,,,,,,,,
map_2_1.out, NODE_24417_length_486_cov_22.888889, yes, 0.0 , 0.0 , 1019744 , 1020249 , 466 , 506 , 0.92 , 386.0 , 1
map_2_1.out, NODE_24424_length_766_cov_34.077023, no,,,,,,,,
map_2_1.out, NODE_24442_length_1120_cov_34.408035, yes, 0.0 , 0.0 , 37135 , 37821 , 637 , 711 , 0.9 , 474.0 , 3
map_2_1.out, NODE_24444_length_1461_cov_41.075974, no,,,,,,,,
map_2_1.out, NODE_24503_length_489_cov_61.537834, no,,,,,,,,
map_2_1.out, NODE_24540_length_612_cov_22.970589, no,,,,,,,,
map_2_1.out, NODE_24668_length_772_cov_43.432644, no,,,,,,,,
map_2_1.out, NODE_24794_length_794_cov_10.244332, yes, 0.0 , 0.0 , 2279168 , 2279678 , 510 , 511 , 1.0 , 508.0 , 2
map_2_1.out, NODE_24802_length_571_cov_39.894920, yes, 5.79151e-176 , 0.0 , 120916 , 121507 , 516 , 602 , 0.86 , 333.0 , 1
2.75233e-159 , 0.0 , 1182931 , 1182352 , 506 , 600 , 0.84 , 303.0 , 1
map_2_1.out, NODE_25090_length_678_cov_57.985252, no,,,,,,,,
map_2_1.out, NODE_25116_length_3206_cov_28.187149, no,,,,,,,,
map_2_1.out, NODE_25212_length_1186_cov_61.747890, no,,,,,,,,
map_2_1.out, NODE_25216_length_515_cov_8.279612, yes, 0.0 , 0.0 , 204396 , 204938 , 513 , 545 , 0.94 , 443.0 , 1
map_2_1.out, NODE_25333_length_634_cov_22.867508, yes, 0.0 , 0.0 , 46870 , 46229 , 569 , 658 , 0.86 , 381.0 , 1
map_2_1.out, NODE_25446_length_492_cov_38.313007, yes, 0.0 , 0.0 , 1407344 , 1407813 , 470 , 470 , 1.0 , 470.0 , 2
map_2_1.out, NODE_25751_length_549_cov_32.854282, no,,,,,,,,
map_2_1.out, NODE_26010_length_592_cov_21.364864, no,,,,,,,,
map_2_1.out, NODE_26012_length_1543_cov_42.447830, no,,,,,,,,
map_2_1.out, NODE_26078_length_1185_cov_44.859917, no,,,,,,,,
map_2_1.out, NODE_26090_length_786_cov_61.367683, no,,,,,,,,
map_2_1.out, NODE_26115_length_1109_cov_42.306583, no,,,,,,,,
map_2_1.out, NODE_26183_length_1755_cov_24.263817, yes, 3.05528e-158 , 0.0 , 968834 , 969328 , 436 , 500 , 0.87 , 302.0 , 1
2.24163e-15 , 2.22044604925e-15 , 551372 , 551233 , 120 , 152 , 0.79 , 45.0 , 1
map_2_1.out, NODE_26277_length_491_cov_38.389004, yes, 9.4543e-84 , 0.0 , 1791718 , 1791931 , 200 , 216 , 0.93 , 167.0 , 3
map_2_1.out, NODE_26336_length_666_cov_36.926426, yes, 1.45337e-177 , 0.0 , 890056 , 889542 , 461 , 521 , 0.88 , 336.0 , 1
map_2_1.out, NODE_26369_length_1152_cov_48.354168, yes, 0.0 , 0.0 , 1593404 , 1593973 , 567 , 570 , 0.99 , 561.0 , 1
map_2_1.out, NODE_26704_length_808_cov_25.066832, yes, 0.0 , 0.0 , 1073755 , 1074582 , 732 , 828 , 0.88 , 540.0 , 1
map_2_1.out, NODE_26707_length_719_cov_20.305981, yes, 0.0 , 0.0 , 329863 , 330274 , 405 , 412 , 0.98 , 388.0 , 2
map_2_1.out, NODE_26717_length_2342_cov_20.967123, yes, 0.0 , 0.0 , 82187 , 81675 , 505 , 513 , 0.98 , 488.0 , 1
map_2_1.out, NODE_26721_length_814_cov_19.781326, yes, 0.0 , 0.0 , 102998 , 103420 , 420 , 423 , 0.99 , 414.0 , 1
map_2_1.out, NODE_26776_length_1423_cov_43.914265, no,,,,,,,,
map_2_1.out, NODE_26907_length_785_cov_17.182165, yes, 0.0 , 0.0 , 665218 , 665673 , 453 , 456 , 0.99 , 447.0 , 2
map_2_1.out, NODE_26953_length_1399_cov_28.336670, no,,,,,,,,
map_2_1.out, NODE_26996_length_652_cov_16.331289, yes, 3.10132e-169 , 0.0 , 1056792 , 1056400 , 369 , 393 , 0.94 , 321.0 , 2
map_2_1.out, NODE_27050_length_1082_cov_78.218117, no,,,,,,,,
map_2_1.out, NODE_27227_length_1360_cov_40.554413, yes, 1.27692e-51 , 0.0 , 229854 , 230055 , 179 , 210 , 0.85 , 110.0 , 1
map_2_1.out, NODE_27329_length_723_cov_46.206085, no,,,,,,,,
map_2_1.out, NODE_27344_length_864_cov_19.186342, yes, 0.0 , 0.0 , 304004 , 304887 , 782 , 890 , 0.88 , 560.0 , 1
map_2_1.out, NODE_27351_length_513_cov_71.970757, no,,,,,,,,
map_2_1.out, NODE_27395_length_596_cov_43.295303, yes, 0.0 , 0.0 , 83491 , 83041 , 445 , 451 , 0.99 , 433.0 , 1
map_2_1.out, NODE_27527_length_1034_cov_44.327854, no,,,,,,,,
map_2_1.out, NODE_27566_length_849_cov_34.995289, no,,,,,,,,
map_2_1.out, NODE_27675_length_701_cov_66.940086, no,,,,,,,,
map_2_1.out, NODE_27700_length_498_cov_18.692772, yes, 0.0 , 0.0 , 131100 , 130583 , 513 , 518 , 0.99 , 503.0 , 1
0.0 , 0.0 , 81962 , 82484 , 513 , 523 , 0.98 , 490.0 , 1
map_2_1.out, NODE_27707_length_601_cov_80.816971, no,,,,,,,,
map_2_1.out, NODE_27760_length_488_cov_24.293034, yes, 0.0 , 0.0 , 939206 , 938718 , 488 , 489 , 1.0 , 486.0 , 1
map_2_1.out, NODE_27806_length_1106_cov_12.063292, no,,,,,,,,
map_2_1.out, NODE_27844_length_719_cov_44.546593, no,,,,,,,,
map_2_1.out, NODE_28033_length_584_cov_74.404106, no,,,,,,,,
map_2_1.out, NODE_28091_length_833_cov_27.494598, no,,,,,,,,
map_2_1.out, NODE_28129_length_541_cov_16.902033, yes, 0.0 , 0.0 , 1134738 , 1135248 , 487 , 528 , 0.92 , 395.0 , 1
map_2_1.out, NODE_28160_length_712_cov_28.685392, yes, 0.0 , 0.0 , 1071570 , 1072301 , 654 , 735 , 0.89 , 489.0 , 1
map_2_1.out, NODE_28285_length_613_cov_51.634583, yes, 0.0 , 0.0 , 137586 , 137171 , 415 , 416 , 1.0 , 413.0 , 1
map_2_1.out, NODE_28373_length_1380_cov_19.528261, yes, 0.0 , 0.0 , 126422 , 126912 , 479 , 492 , 0.97 , 452.0 , 1
map_2_1.out, NODE_28439_length_502_cov_3.960159, yes, 0.0 , 0.0 , 30994 , 30473 , 522 , 522 , 1.0 , 522.0 , 1
map_2_1.out, NODE_28524_length_623_cov_38.367577, no,,,,,,,,
map_2_1.out, NODE_28554_length_627_cov_39.821373, no,,,,,,,,
map_2_1.out, NODE_28569_length_579_cov_30.549223, yes, 3.14786e-74 , 0.0 , 313 , 469 , 155 , 157 , 0.99 , 150.0 , 1
map_2_1.out, NODE_28734_length_615_cov_46.728455, yes, 0.0 , 0.0 , 631811 , 632230 , 419 , 420 , 1.0 , 417.0 , 1
map_2_1.out, NODE_28817_length_564_cov_28.521276, no,,,,,,,,
map_2_1.out, NODE_28862_length_1044_cov_24.092913, no,,,,,,,,
map_2_1.out, NODE_28896_length_898_cov_66.792870, no,,,,,,,,
map_2_1.out, NODE_29035_length_744_cov_48.330647, no,,,,,,,,
map_2_1.out, NODE_29137_length_2183_cov_5.586349, yes, 0.0 , 0.0 , 4978 , 2776 , 2193 , 2204 , 1.0 , 2170.0 , 1
0.0 , 0.0 , 4923 , 2721 , 2192 , 2203 , 1.0 , 2170.0 , 1
0.0 , 0.0 , 441272 , 443474 , 2184 , 2203 , 0.99 , 2146.0 , 1
0.0 , 0.0 , 4923 , 2721 , 2184 , 2203 , 0.99 , 2146.0 , 1
0.0 , 0.0 , 1005606 , 1007808 , 2184 , 2203 , 0.99 , 2146.0 , 1
0.0 , 0.0 , 2970918 , 2973120 , 2177 , 2203 , 0.99 , 2125.0 , 1
0.0 , 0.0 , 726272 , 728082 , 1798 , 1811 , 0.99 , 1772.0 , 1
map_2_1.out, NODE_29198_length_581_cov_44.440620, no,,,,,,,,
map_2_1.out, NODE_29244_length_773_cov_18.423027, yes, 0.0 , 0.0 , 47532 , 46870 , 622 , 667 , 0.93 , 528.0 , 1
6.41734e-137 , 0.0 , 2202414 , 2201812 , 503 , 614 , 0.82 , 263.0 , 1
map_2_1.out, NODE_29339_length_491_cov_32.824848, yes, 0.0 , 0.0 , 1314678 , 1315164 , 487 , 487 , 1.0 , 487.0 , 1
map_2_1.out, NODE_29364_length_633_cov_49.268562, yes, 0.0 , 0.0 , 137171 , 136735 , 434 , 437 , 0.99 , 428.0 , 1
map_2_1.out, NODE_29402_length_708_cov_24.620056, yes, 1.20329e-173 , 0.0 , 93426 , 92906 , 463 , 527 , 0.88 , 329.0 , 1
map_2_1.out, NODE_29417_length_831_cov_78.598076, no,,,,,,,,
map_2_1.out, NODE_29494_length_1531_cov_21.033312, yes, 0.0 , 0.0 , 331702 , 330772 , 846 , 938 , 0.9 , 653.0 , 2
map_2_1.out, NODE_29610_length_480_cov_76.477081, no,,,,,,,,
map_2_1.out, NODE_29687_length_498_cov_24.917671, yes, 0.0 , 0.0 , 432364 , 431861 , 504 , 504 , 1.0 , 504.0 , 1
map_2_1.out, NODE_29727_length_493_cov_86.614601, no,,,,,,,,
map_2_1.out, NODE_29728_length_503_cov_10.727634, yes, 0.0 , 0.0 , 1382202 , 1382724 , 521 , 523 , 1.0 , 517.0 , 1
map_2_1.out, NODE_29760_length_976_cov_27.562500, no,,,,,,,,
map_2_1.out, NODE_29794_length_565_cov_25.930973, yes, 0.0 , 0.0 , 126471 , 126918 , 444 , 448 , 0.99 , 436.0 , 1
map_2_1.out, NODE_29927_length_634_cov_27.365931, no,,,,,,,,
map_2_1.out, NODE_29972_length_1612_cov_39.470222, yes, 0.0 , 0.0 , 2108245 , 2109504 , 1098 , 1273 , 0.86 , 728.0 , 2
3.8679e-112 , 0.0 , 88692 , 88352 , 311 , 353 , 0.88 , 219.0 , 1
map_2_1.out, NODE_30077_length_814_cov_75.316956, no,,,,,,,,
map_2_1.out, NODE_30137_length_491_cov_1.989817, yes, 0.0 , 0.0 , 1704318 , 1704828 , 511 , 511 , 1.0 , 511.0 , 1
map_2_1.out, NODE_30148_length_574_cov_31.405924, no,,,,,,,,
map_2_1.out, NODE_30180_length_1544_cov_65.156738, no,,,,,,,,
map_2_1.out, NODE_30232_length_681_cov_42.671070, no,,,,,,,,
map_2_1.out, NODE_30399_length_1046_cov_50.714149, yes, 2.40146e-142 , 0.0 , 267782 , 268238 , 398 , 459 , 0.87 , 273.0 , 1
map_2_1.out, NODE_30481_length_749_cov_68.662216, no,,,,,,,,
map_2_1.out, NODE_30519_length_2148_cov_38.538174, yes, 0.0 , 0.0 , 256576 , 255675 , 850 , 910 , 0.93 , 721.0 , 3
map_2_1.out, NODE_30527_length_504_cov_33.519840, yes, 0.0 , 0.0 , 1252764 , 1253222 , 456 , 459 , 0.99 , 450.0 , 2
map_2_1.out, NODE_30748_length_522_cov_41.639847, no,,,,,,,,
map_2_1.out, NODE_30815_length_1154_cov_45.660313, no,,,,,,,,
map_2_1.out, NODE_30834_length_1002_cov_39.593811, no,,,,,,,,
map_2_1.out, NODE_31047_length_1394_cov_62.517216, no,,,,,,,,
map_2_1.out, NODE_31049_length_1605_cov_45.406231, no,,,,,,,,
map_2_1.out, NODE_31186_length_519_cov_11.824663, yes, 0.0 , 0.0 , 1098828 , 1098311 , 515 , 518 , 0.99 , 509.0 , 1
map_2_1.out, NODE_31219_length_889_cov_16.439819, yes, 0.0 , 0.0 , 369641 , 369192 , 450 , 451 , 1.0 , 447.0 , 2
map_2_1.out, NODE_31267_length_601_cov_36.410980, yes, 0.0 , 0.0 , 2517718 , 2517205 , 505 , 514 , 0.98 , 485.0 , 1
map_2_1.out, NODE_31362_length_599_cov_33.532555, yes, 0.0 , 0.0 , 1019419 , 1019833 , 412 , 415 , 0.99 , 406.0 , 1
map_2_1.out, NODE_31388_length_2312_cov_27.515139, yes, 0.0 , 0.0 , 307272 , 306289 , 935 , 984 , 0.95 , 832.0 , 2
map_2_1.out, NODE_31399_length_803_cov_32.110836, yes, 0.0 , 0.0 , 51402 , 50646 , 678 , 769 , 0.88 , 478.0 , 2
map_2_1.out, NODE_31402_length_1056_cov_18.470644, yes, 0.0 , 0.0 , 342129 , 341361 , 745 , 771 , 0.97 , 691.0 , 3
0.0 , 0.0 , 125341 , 125844 , 464 , 517 , 0.9 , 350.0 , 2
map_2_1.out, NODE_31535_length_507_cov_54.538460, no,,,,,,,,
map_2_1.out, NODE_31641_length_643_cov_13.071540, yes, 0.0 , 0.0 , 316653 , 317299 , 646 , 647 , 1.0 , 644.0 , 1
map_2_1.out, NODE_31709_length_663_cov_29.265461, no,,,,,,,,
map_2_1.out, NODE_31856_length_1107_cov_44.854561, no,,,,,,,,
map_2_1.out, NODE_31956_length_581_cov_16.041307, yes, 0.0 , 0.0 , 392985 , 392402 , 582 , 584 , 1.0 , 578.0 , 1
map_2_1.out, NODE_32018_length_1646_cov_69.405228, no,,,,,,,,
map_2_1.out, NODE_32035_length_676_cov_68.076920, no,,,,,,,,
map_2_1.out, NODE_32216_length_731_cov_7.087551, yes, 0.0 , 0.0 , 391926 , 392677 , 717 , 752 , 0.95 , 646.0 , 1
map_2_1.out, NODE_32219_length_1360_cov_21.638235, no,,,,,,,,
map_2_1.out, NODE_32331_length_1202_cov_64.492516, yes, 0.0 , 0.0 , 232838 , 233347 , 485 , 511 , 0.95 , 430.0 , 1
map_2_1.out, NODE_32332_length_636_cov_32.556602, yes, 2.6371e-85 , 0.0 , 1202873 , 1202652 , 214 , 233 , 0.92 , 170.0 , 1
map_2_1.out, NODE_32378_length_559_cov_30.348837, yes, 0.0 , 0.0 , 1084880 , 1084304 , 517 , 577 , 0.9 , 397.0 , 1
map_2_1.out, NODE_32383_length_607_cov_21.799011, yes, 0.0 , 0.0 , 1050511 , 1049893 , 557 , 619 , 0.9 , 433.0 , 1
2.48074e-95 , 0.0 , 19186 , 18806 , 322 , 385 , 0.84 , 188.0 , 1
map_2_1.out, NODE_32445_length_1614_cov_23.200125, no,,,,,,,,
map_2_1.out, NODE_32461_length_667_cov_21.017990, yes, 0.0 , 0.0 , 167087 , 167558 , 470 , 472 , 1.0 , 466.0 , 1
6.24797e-52 , 0.0 , 1583812 , 1583625 , 165 , 191 , 0.86 , 110.0 , 1
map_2_1.out, NODE_32468_length_613_cov_63.814030, no,,,,,,,,
map_2_1.out, NODE_32524_length_518_cov_75.295364, no,,,,,,,,
map_2_1.out, NODE_32526_length_676_cov_78.605026, no,,,,,,,,
map_2_1.out, NODE_32677_length_695_cov_28.345324, no,,,,,,,,
map_2_1.out, NODE_32678_length_1428_cov_44.864845, no,,,,,,,,
map_2_1.out, NODE_32758_length_1562_cov_42.533291, no,,,,,,,,
map_2_1.out, NODE_32843_length_568_cov_85.580986, no,,,,,,,,
map_2_1.out, NODE_32931_length_1340_cov_40.246269, yes, 0.0 , 0.0 , 561508 , 561065 , 440 , 444 , 0.99 , 432.0 , 1
1.32195e-16 , 1.11022302463e-16 , 1913467 , 1913522 , 53 , 56 , 0.95 , 47.0 , 1
map_2_1.out, NODE_33024_length_709_cov_29.102962, no,,,,,,,,
map_2_1.out, NODE_33103_length_570_cov_24.708773, yes, 0.0 , 0.0 , 1085759 , 1085170 , 532 , 590 , 0.9 , 416.0 , 1
map_2_1.out, NODE_33148_length_663_cov_61.624435, no,,,,,,,,
map_2_1.out, NODE_33176_length_4346_cov_26.562586, yes, 5.36479e-40 , 0.0 , 103168 , 103388 , 187 , 230 , 0.81 , 90.0 , 1
map_2_1.out, NODE_33195_length_480_cov_23.889584, yes, 0.0 , 0.0 , 1091606 , 1091107 , 498 , 500 , 1.0 , 494.0 , 1
map_2_1.out, NODE_33220_length_574_cov_44.198605, yes, 0.0 , 0.0 , 265453 , 264862 , 528 , 599 , 0.88 , 377.0 , 1
map_2_1.out, NODE_33275_length_857_cov_25.243874, no,,,,,,,,
map_2_1.out, NODE_33314_length_498_cov_47.532127, yes, 3.37681e-98 , 0.0 , 2176435 , 2176627 , 193 , 193 , 1.0 , 193.0 , 1
map_2_1.out, NODE_33364_length_928_cov_39.264008, no,,,,,,,,
map_2_1.out, NODE_33401_length_1814_cov_43.463615, no,,,,,,,,
map_2_1.out, NODE_33416_length_982_cov_63.529533, no,,,,,,,,
map_2_1.out, NODE_33441_length_1777_cov_24.779966, yes, 2.62195e-94 , 0.0 , 235630 , 235250 , 326 , 391 , 0.83 , 187.0 , 1
map_2_1.out, NODE_33654_length_643_cov_75.107307, no,,,,,,,,
map_2_1.out, NODE_33659_length_1230_cov_29.957724, no,,,,,,,,
map_2_1.out, NODE_33683_length_600_cov_13.410000, yes, 0.0 , 0.0 , 1160581 , 1160154 , 428 , 428 , 1.0 , 428.0 , 2
map_2_1.out, NODE_33710_length_740_cov_71.605408, no,,,,,,,,
map_2_1.out, NODE_33775_length_627_cov_29.234449, yes, 0.0 , 0.0 , 109303 , 109950 , 605 , 655 , 0.92 , 497.0 , 1
map_2_1.out, NODE_33835_length_1412_cov_56.112606, no,,,,,,,,
map_2_1.out, NODE_34220_length_744_cov_35.033604, yes, 0.0 , 0.0 , 2074526 , 2074920 , 388 , 395 , 0.98 , 374.0 , 1
map_2_1.out, NODE_34556_length_773_cov_9.025873, yes, 0.0 , 0.0 , 292999 , 292222 , 776 , 778 , 1.0 , 772.0 , 1
map_2_1.out, NODE_34563_length_482_cov_3.462656, yes, 0.0 , 0.0 , 529327 , 529828 , 500 , 502 , 1.0 , 496.0 , 1
map_2_1.out, NODE_34718_length_1513_cov_24.326504, yes, 2.99033e-68 , 0.0 , 947433 , 947234 , 184 , 204 , 0.9 , 140.0 , 1
map_2_1.out, NODE_34754_length_851_cov_83.655701, no,,,,,,,,
map_2_1.out, NODE_34771_length_780_cov_35.558975, no,,,,,,,,
map_2_1.out, NODE_34852_length_586_cov_75.162117, no,,,,,,,,
map_2_1.out, NODE_34879_length_1155_cov_43.724674, no,,,,,,,,
map_2_1.out, NODE_34886_length_759_cov_36.440052, yes, 4.10414e-79 , 0.0 , 260484 , 260959 , 385 , 487 , 0.79 , 159.0 , 2
map_2_1.out, NODE_34899_length_563_cov_3.984014, yes, 0.0 , 0.0 , 74554 , 75136 , 582 , 583 , 1.0 , 580.0 , 1
map_2_1.out, NODE_34907_length_808_cov_37.646038, no,,,,,,,,
map_2_1.out, NODE_34951_length_935_cov_37.021389, no,,,,,,,,
map_2_1.out, NODE_34996_length_694_cov_74.922188, no,,,,,,,,
map_2_1.out, NODE_35000_length_823_cov_48.917374, no,,,,,,,,
map_2_1.out, NODE_35182_length_784_cov_51.788265, no,,,,,,,,
map_2_1.out, NODE_35208_length_3029_cov_39.868275, yes, 0.0 , 0.0 , 302055 , 303696 , 1484 , 1680 , 0.88 , 1065.0 , 2
map_2_1.out, NODE_35228_length_569_cov_39.824253, no,,,,,,,,
map_2_1.out, NODE_35281_length_529_cov_24.100189, no,,,,,,,,
map_2_1.out, NODE_35287_length_509_cov_31.243614, yes, 0.0 , 0.0 , 1199912 , 1199407 , 505 , 507 , 1.0 , 500.0 , 1
map_2_1.out, NODE_35350_length_572_cov_5.043706, yes, 0.0 , 0.0 , 14662 , 15253 , 588 , 592 , 0.99 , 580.0 , 1
map_2_1.out, NODE_35412_length_850_cov_8.105883, yes, 0.0 , 0.0 , 1029605 , 1030495 , 854 , 891 , 0.96 , 769.0 , 1
map_2_1.out, NODE_35429_length_497_cov_26.766600, no,,,,,,,,
map_2_1.out, NODE_35583_length_807_cov_51.171005, yes, 0.0 , 0.0 , 26680 , 27142 , 462 , 463 , 1.0 , 460.0 , 2
map_2_1.out, NODE_35615_length_1095_cov_39.661186, yes, 2.46169e-157 , 0.0 , 1463578 , 1463898 , 316 , 323 , 0.98 , 300.0 , 1
map_2_1.out, NODE_35660_length_715_cov_20.166433, yes, 0.0 , 0.0 , 200560 , 200043 , 517 , 519 , 1.0 , 512.0 , 2
map_2_1.out, NODE_35698_length_1494_cov_52.755020, no,,,,,,,,
map_2_1.out, NODE_35868_length_581_cov_74.168678, no,,,,,,,,
map_2_1.out, NODE_35947_length_1028_cov_24.563231, yes, 0.0 , 0.0 , 1066065 , 1065021 , 954 , 1045 , 0.91 , 772.0 , 1
map_2_1.out, NODE_35978_length_1022_cov_49.631115, yes, 0.0 , 0.0 , 395539 , 395090 , 449 , 450 , 1.0 , 447.0 , 1
map_2_1.out, NODE_36260_length_754_cov_47.013264, no,,,,,,,,
map_2_1.out, NODE_36291_length_505_cov_65.968315, no,,,,,,,,
map_2_1.out, NODE_36293_length_866_cov_21.302540, no,,,,,,,,
map_2_1.out, NODE_36386_length_1197_cov_46.891396, no,,,,,,,,
map_2_1.out, NODE_36476_length_1506_cov_42.365208, no,,,,,,,,
map_2_1.out, NODE_36678_length_1032_cov_57.186047, no,,,,,,,,
map_2_1.out, NODE_36757_length_517_cov_30.379110, yes, 0.0 , 0.0 , 1072301 , 1071765 , 484 , 537 , 0.9 , 378.0 , 1
map_2_1.out, NODE_36812_length_549_cov_74.204010, no,,,,,,,,
map_2_1.out, NODE_36940_length_2496_cov_24.108173, no,,,,,,,,
map_2_1.out, NODE_36954_length_543_cov_47.640884, no,,,,,,,,
map_2_1.out, NODE_37030_length_1071_cov_23.551821, no,,,,,,,,
map_2_1.out, NODE_37070_length_505_cov_18.570297, yes, 0.0 , 0.0 , 582175 , 582620 , 443 , 447 , 0.99 , 434.0 , 2
map_2_1.out, NODE_37333_length_671_cov_18.937407, yes, 0.0 , 0.0 , 291353 , 292029 , 620 , 692 , 0.9 , 466.0 , 3
map_2_1.out, NODE_37342_length_1370_cov_43.332848, yes, 2.53979e-113 , 0.0 , 931868 , 932600 , 584 , 754 , 0.77 , 221.0 , 1
map_2_1.out, NODE_37401_length_877_cov_55.151653, no,,,,,,,,
map_2_1.out, NODE_37447_length_1915_cov_44.846474, no,,,,,,,,
map_2_1.out, NODE_37517_length_807_cov_46.370506, no,,,,,,,,
map_2_1.out, NODE_37586_length_568_cov_43.297535, yes, 0.0 , 0.0 , 1473053 , 1473455 , 403 , 412 , 0.98 , 380.0 , 2
map_2_1.out, NODE_37676_length_508_cov_37.112206, yes, 0.0 , 0.0 , 571118 , 570677 , 431 , 442 , 0.98 , 409.0 , 2
map_2_1.out, NODE_37720_length_2944_cov_36.943275, yes, 0.0 , 0.0 , 29350 , 28396 , 839 , 1013 , 0.83 , 440.0 , 1
map_2_1.out, NODE_37731_length_589_cov_37.636673, no,,,,,,,,
map_2_1.out, NODE_37748_length_1664_cov_23.728365, no,,,,,,,,
map_2_1.out, NODE_37757_length_739_cov_39.217861, no,,,,,,,,
map_2_1.out, NODE_37973_length_719_cov_78.136299, no,,,,,,,,
map_2_1.out, NODE_38000_length_543_cov_25.712708, yes, 0.0 , 0.0 , 789912 , 789367 , 543 , 546 , 0.99 , 537.0 , 1
map_2_1.out, NODE_38090_length_709_cov_41.273624, no,,,,,,,,
map_2_1.out, NODE_38121_length_658_cov_26.302431, yes, 0.0 , 0.0 , 1046150 , 1045475 , 614 , 677 , 0.91 , 487.0 , 1
map_2_1.out, NODE_38164_length_1227_cov_38.478401, no,,,,,,,,
map_2_1.out, NODE_38196_length_763_cov_37.642200, yes, 0.0 , 0.0 , 929672 , 928930 , 666 , 746 , 0.89 , 500.0 , 1
map_2_1.out, NODE_38282_length_680_cov_21.544117, yes, 0.0 , 0.0 , 302892 , 303591 , 626 , 706 , 0.89 , 460.0 , 1
map_2_1.out, NODE_38390_length_713_cov_60.485275, no,,,,,,,,
map_2_1.out, NODE_38460_length_566_cov_58.392227, no,,,,,,,,
map_2_1.out, NODE_38495_length_809_cov_30.834364, no,,,,,,,,
map_2_1.out, NODE_38525_length_983_cov_64.988808, no,,,,,,,,
map_2_1.out, NODE_38570_length_683_cov_11.209371, yes, 0.0 , 0.0 , 664136 , 664546 , 409 , 411 , 1.0 , 405.0 , 2
map_2_1.out, NODE_38580_length_1182_cov_41.581219, no,,,,,,,,
map_2_1.out, NODE_38684_length_593_cov_30.600338, yes, 0.0 , 0.0 , 1078758 , 1079370 , 554 , 613 , 0.9 , 436.0 , 1
map_2_1.out, NODE_38688_length_521_cov_18.483685, no,,,,,,,,
map_2_1.out, NODE_38704_length_483_cov_19.828157, yes, 0.0 , 0.0 , 2383124 , 2382625 , 499 , 500 , 1.0 , 497.0 , 1
map_2_1.out, NODE_38742_length_570_cov_21.642105, yes, 0.0 , 0.0 , 1174412 , 1175008 , 577 , 598 , 0.96 , 530.0 , 1
map_2_1.out, NODE_38763_length_939_cov_27.515442, no,,,,,,,,
map_2_1.out, NODE_39054_length_929_cov_23.842842, no,,,,,,,,
map_2_1.out, NODE_39210_length_631_cov_54.961964, no,,,,,,,,
map_2_1.out, NODE_39212_length_802_cov_4.115960, yes, 0.0 , 0.0 , 15234 , 16055 , 817 , 822 , 0.99 , 807.0 , 1
map_2_1.out, NODE_39337_length_483_cov_15.875776, yes, 0.0 , 0.0 , 138991 , 138547 , 445 , 445 , 1.0 , 445.0 , 2
map_2_1.out, NODE_39566_length_650_cov_27.069231, yes, 0.0 , 0.0 , 267536 , 266876 , 658 , 661 , 1.0 , 651.0 , 1
map_2_1.out, NODE_39698_length_1751_cov_44.871502, no,,,,,,,,
map_2_1.out, NODE_39786_length_710_cov_25.657747, no,,,,,,,,
map_2_1.out, NODE_39866_length_503_cov_47.516899, no,,,,,,,,
map_2_1.out, NODE_40228_length_688_cov_64.486916, no,,,,,,,,
map_2_1.out, NODE_40384_length_548_cov_77.315697, no,,,,,,,,
map_2_1.out, NODE_40391_length_791_cov_31.867256, no,,,,,,,,
map_2_1.out, NODE_40404_length_928_cov_31.863146, no,,,,,,,,
map_2_1.out, NODE_40462_length_1271_cov_27.592447, no,,,,,,,,
map_2_1.out, NODE_40536_length_707_cov_25.045261, no,,,,,,,,
map_2_1.out, NODE_40563_length_1394_cov_26.808464, no,,,,,,,,
map_2_1.out, NODE_40704_length_551_cov_1.742287, yes, 0.0 , 0.0 , 229366 , 229930 , 562 , 565 , 0.99 , 556.0 , 1
map_2_1.out, NODE_40726_length_615_cov_14.777236, yes, 0.0 , 0.0 , 336396 , 335845 , 526 , 553 , 0.95 , 471.0 , 1
2.07092e-51 , 0.0 , 2494445 , 2494627 , 161 , 185 , 0.87 , 109.0 , 1
map_2_1.out, NODE_40764_length_502_cov_13.043825, yes, 0.0 , 0.0 , 1093780 , 1094301 , 522 , 522 , 1.0 , 522.0 , 1
map_2_1.out, NODE_40845_length_670_cov_27.343283, no,,,,,,,,
map_2_1.out, NODE_40903_length_610_cov_15.457377, yes, 0.0 , 0.0 , 2111424 , 2110793 , 602 , 636 , 0.95 , 529.0 , 1
0.0 , 0.0 , 85499 , 86133 , 600 , 641 , 0.94 , 509.0 , 1
map_2_1.out, NODE_41008_length_499_cov_31.627254, yes, 0.0 , 0.0 , 1283363 , 1282897 , 466 , 467 , 1.0 , 464.0 , 1
map_2_1.out, NODE_41055_length_739_cov_12.148849, yes, 0.0 , 0.0 , 1072527 , 1071743 , 758 , 785 , 0.97 , 691.0 , 1
map_2_1.out, NODE_41387_length_615_cov_2.860162, yes, 0.0 , 0.0 , 20594 , 21228 , 635 , 635 , 1.0 , 635.0 , 1
map_2_1.out, NODE_41553_length_554_cov_10.332130, yes, 0.0 , 0.0 , 60519 , 61076 , 557 , 559 , 1.0 , 552.0 , 1
map_2_1.out, NODE_41582_length_480_cov_62.745834, no,,,,,,,,
map_2_1.out, NODE_41583_length_806_cov_30.119106, no,,,,,,,,
map_2_1.out, NODE_41665_length_558_cov_46.919353, no,,,,,,,,
map_2_1.out, NODE_41814_length_1136_cov_25.772007, no,,,,,,,,
map_2_1.out, NODE_41867_length_633_cov_11.565561, yes, 0.0 , 0.0 , 672421 , 673073 , 602 , 653 , 0.92 , 500.0 , 1
0.0 , 0.0 , 145804 , 146456 , 593 , 655 , 0.91 , 467.0 , 1
map_2_1.out, NODE_41946_length_537_cov_83.307266, no,,,,,,,,
map_2_1.out, NODE_42136_length_769_cov_18.388817, yes, 0.0 , 0.0 , 113485 , 114294 , 723 , 814 , 0.89 , 526.0 , 1
6.30247e-147 , 0.0 , 1189964 , 1189645 , 307 , 320 , 0.96 , 281.0 , 1
map_2_1.out, NODE_42140_length_573_cov_40.104713, yes, 0.0 , 0.0 , 1686143 , 1686570 , 427 , 428 , 1.0 , 425.0 , 1
map_2_1.out, NODE_42185_length_862_cov_43.045242, no,,,,,,,,
map_2_1.out, NODE_42220_length_853_cov_56.177021, no,,,,,,,,
map_2_1.out, NODE_42252_length_801_cov_36.440701, no,,,,,,,,
map_2_1.out, NODE_42283_length_725_cov_43.259312, no,,,,,,,,
map_2_1.out, NODE_42307_length_642_cov_17.627726, yes, 0.0 , 0.0 , 723193 , 723744 , 537 , 554 , 0.97 , 498.0 , 1
map_2_1.out, NODE_42385_length_496_cov_68.106857, no,,,,,,,,
map_2_1.out, NODE_42389_length_2732_cov_24.326866, no,,,,,,,,
map_2_1.out, NODE_42627_length_537_cov_7.067039, yes, 0.0 , 0.0 , 106063 , 106440 , 378 , 378 , 1.0 , 378.0 , 2
map_2_1.out, NODE_42675_length_565_cov_38.175220, yes, 0.0 , 0.0 , 1156712 , 1157291 , 569 , 580 , 0.98 , 545.0 , 1
map_2_1.out, NODE_42758_length_1247_cov_27.797915, no,,,,,,,,
map_2_1.out, NODE_42760_length_492_cov_23.382114, no,,,,,,,,
map_2_1.out, NODE_42802_length_485_cov_26.185568, yes, 0.0 , 0.0 , 2516710 , 2517213 , 499 , 504 , 0.99 , 489.0 , 1
map_2_1.out, NODE_42830_length_2227_cov_37.686127, no,,,,,,,,
map_2_1.out, NODE_42895_length_586_cov_30.880547, yes, 0.0 , 0.0 , 835276 , 835881 , 565 , 606 , 0.93 , 483.0 , 1
map_2_1.out, NODE_42929_length_1610_cov_20.896894, yes, 0.0 , 0.0 , 2780245 , 2780669 , 414 , 425 , 0.97 , 392.0 , 1
map_2_1.out, NODE_43036_length_680_cov_22.707354, yes, 0.0 , 0.0 , 410539 , 411045 , 505 , 507 , 1.0 , 501.0 , 1
map_2_1.out, NODE_43046_length_867_cov_63.788929, no,,,,,,,,
map_2_1.out, NODE_43307_length_622_cov_19.845659, yes, 0.0 , 0.0 , 298275 , 298916 , 560 , 652 , 0.86 , 366.0 , 1
map_2_1.out, NODE_43391_length_1083_cov_37.513390, no,,,,,,,,
map_2_1.out, NODE_43424_length_738_cov_13.525745, yes, 0.0 , 0.0 , 579949 , 579192 , 752 , 758 , 0.99 , 740.0 , 1
map_2_1.out, NODE_43463_length_1008_cov_39.794643, no,,,,,,,,
map_2_1.out, NODE_43478_length_637_cov_23.130299, yes, 0.0 , 0.0 , 879601 , 879964 , 361 , 364 , 0.99 , 355.0 , 1
7.13882e-106 , 0.0 , 1082693 , 1082959 , 247 , 267 , 0.93 , 207.0 , 2
1.30042e-43 , 0.0 , 1073600 , 1073703 , 101 , 104 , 0.97 , 95.0 , 2
1.70617e-32 , 0.0 , 31530 , 31444 , 83 , 87 , 0.95 , 75.0 , 1
map_2_1.out, NODE_43571_length_674_cov_58.640949, no,,,,,,,,
map_2_1.out, NODE_43736_length_505_cov_55.019802, yes, 3.59853e-63 , 0.0 , 2637373 , 2637136 , 205 , 241 , 0.85 , 130.0 , 1
map_2_1.out, NODE_43926_length_1071_cov_22.820728, no,,,,,,,,
map_2_1.out, NODE_43965_length_950_cov_16.465263, yes, 0.0 , 0.0 , 175753 , 174773 , 957 , 981 , 0.98 , 897.0 , 1
map_2_1.out, NODE_43969_length_549_cov_13.863388, yes, 0.0 , 0.0 , 773137 , 773561 , 422 , 425 , 0.99 , 416.0 , 2
map_2_1.out, NODE_43972_length_641_cov_26.711388, no,,,,,,,,
map_2_1.out, NODE_44034_length_950_cov_49.809475, no,,,,,,,,
map_2_1.out, NODE_44053_length_570_cov_25.284210, yes, 1.17935e-33 , 0.0 , 46857 , 47064 , 173 , 217 , 0.8 , 77.0 , 1
map_2_1.out, NODE_44120_length_839_cov_22.365911, no,,,,,,,,
map_2_1.out, NODE_44177_length_607_cov_41.431629, no,,,,,,,,
map_2_1.out, NODE_44186_length_752_cov_52.639629, no,,,,,,,,
map_2_1.out, NODE_44214_length_1375_cov_20.285091, no,,,,,,,,
map_2_1.out, NODE_44340_length_910_cov_29.778023, no,,,,,,,,
map_2_1.out, NODE_44440_length_1309_cov_26.398777, no,,,,,,,,
map_2_1.out, NODE_44499_length_1278_cov_37.787949, no,,,,,,,,
map_2_1.out, NODE_44579_length_584_cov_46.398972, no,,,,,,,,
map_2_1.out, NODE_44645_length_547_cov_17.579525, yes, 0.0 , 0.0 , 194685 , 195257 , 536 , 579 , 0.93 , 441.0 , 2
5.70556e-156 , 0.0 , 124351 , 124852 , 443 , 512 , 0.87 , 297.0 , 1
map_2_1.out, NODE_44712_length_549_cov_36.830601, yes, 0.0 , 0.0 , 409753 , 410240 , 475 , 488 , 0.97 , 449.0 , 1
map_2_1.out, NODE_44713_length_717_cov_14.276151, yes, 0.0 , 0.0 , 848646 , 848001 , 641 , 647 , 0.99 , 628.0 , 1
map_2_1.out, NODE_44772_length_1539_cov_79.606888, no,,,,,,,,
map_2_1.out, NODE_44793_length_530_cov_13.249057, yes, 0.0 , 0.0 , 322350 , 321816 , 530 , 535 , 0.99 , 520.0 , 1
map_2_1.out, NODE_44806_length_577_cov_22.530329, no,,,,,,,,
map_2_1.out, NODE_44832_length_693_cov_19.402597, yes, 0.0 , 0.0 , 2591427 , 2591967 , 539 , 541 , 1.0 , 535.0 , 2
map_2_1.out, NODE_44866_length_2193_cov_32.550842, yes, 0.0 , 0.0 , 39569 , 41495 , 1795 , 1941 , 0.92 , 1488.0 , 1
map_2_1.out, NODE_44964_length_832_cov_28.183895, no,,,,,,,,
map_2_1.out, NODE_45125_length_487_cov_28.229979, yes, 3.86818e-167 , 0.0 , 1015650 , 1015148 , 441 , 503 , 0.88 , 317.0 , 1
map_2_1.out, NODE_45150_length_783_cov_25.125160, no,,,,,,,,
map_2_1.out, NODE_45152_length_831_cov_47.483753, yes, 1.1714e-124 , 0.0 , 966643 , 966995 , 319 , 356 , 0.9 , 241.0 , 1
map_2_1.out, NODE_45170_length_575_cov_59.008698, no,,,,,,,,
map_2_1.out, NODE_45249_length_550_cov_42.707272, no,,,,,,,,
map_2_1.out, NODE_45327_length_888_cov_37.703831, no,,,,,,,,
map_2_1.out, NODE_45365_length_504_cov_39.295635, yes, 4.20762e-132 , 0.0 , 302857 , 303272 , 370 , 424 , 0.87 , 254.0 , 1
map_2_1.out, NODE_45366_length_693_cov_1.797980, yes, 0.0 , 0.0 , 2426602 , 2427314 , 711 , 713 , 1.0 , 707.0 , 1
map_2_1.out, NODE_45393_length_655_cov_17.280916, yes, 0.0 , 0.0 , 445704 , 445045 , 660 , 660 , 1.0 , 660.0 , 1
map_2_1.out, NODE_45643_length_527_cov_65.935486, no,,,,,,,,
map_2_1.out, NODE_45742_length_560_cov_35.964287, yes, 0.0 , 0.0 , 1306785 , 1307229 , 443 , 449 , 0.99 , 429.0 , 2
map_2_1.out, NODE_45883_length_967_cov_40.409515, no,,,,,,,,
map_2_1.out, NODE_45925_length_1497_cov_50.350033, yes, 5.12904e-41 , 0.0 , 1011889 , 1012095 , 175 , 213 , 0.82 , 91.0 , 1
map_2_1.out, NODE_45931_length_501_cov_11.181637, yes, 0.0 , 0.0 , 874463 , 873943 , 521 , 521 , 1.0 , 521.0 , 1
map_2_1.out, NODE_45985_length_1001_cov_23.492508, no,,,,,,,,
map_2_1.out, NODE_46014_length_528_cov_33.365532, yes, 0.0 , 0.0 , 951726 , 952174 , 444 , 449 , 0.99 , 434.0 , 2
map_2_1.out, NODE_46062_length_958_cov_35.382046, yes, 0.0 , 0.0 , 1067770 , 1066779 , 873 , 992 , 0.88 , 626.0 , 1
map_2_1.out, NODE_46157_length_841_cov_78.095123, no,,,,,,,,
map_2_1.out, NODE_46189_length_567_cov_28.026455, no,,,,,,,,
map_2_1.out, NODE_46256_length_545_cov_29.229359, yes, 0.0 , 0.0 , 994767 , 995332 , 556 , 566 , 0.98 , 535.0 , 1
map_2_1.out, NODE_46271_length_1212_cov_67.509903, no,,,,,,,,
map_2_1.out, NODE_46314_length_781_cov_40.920616, yes, 0.0 , 0.0 , 1827630 , 1827195 , 436 , 436 , 1.0 , 436.0 , 2
map_2_1.out, NODE_46321_length_624_cov_61.921474, no,,,,,,,,
map_2_1.out, NODE_46394_length_1579_cov_22.666878, no,,,,,,,,
map_2_1.out, NODE_46572_length_2209_cov_23.626528, no,,,,,,,,
map_2_1.out, NODE_46670_length_487_cov_16.911705, yes, 0.0 , 0.0 , 1440045 , 1440540 , 496 , 496 , 1.0 , 496.0 , 1
map_2_1.out, NODE_46778_length_744_cov_36.686829, no,,,,,,,,
map_2_1.out, NODE_46811_length_898_cov_45.680401, no,,,,,,,,
map_2_1.out, NODE_46885_length_1688_cov_22.749407, yes, 9.08421e-84 , 0.0 , 295845 , 296149 , 264 , 309 , 0.85 , 168.0 , 1
map_2_1.out, NODE_46931_length_619_cov_29.764135, no,,,,,,,,
map_2_1.out, NODE_46932_length_527_cov_5.563567, yes, 0.0 , 0.0 , 772452 , 771904 , 530 , 551 , 0.96 , 485.0 , 1
map_2_1.out, NODE_46974_length_1338_cov_60.808670, no,,,,,,,,
map_2_1.out, NODE_47018_length_518_cov_17.884171, yes, 0.0 , 0.0 , 2177154 , 2176626 , 527 , 529 , 1.0 , 523.0 , 1
map_2_1.out, NODE_47100_length_894_cov_41.829979, no,,,,,,,,
map_2_1.out, NODE_47226_length_1224_cov_9.991830, yes, 8.33265e-98 , 0.0 , 1690529 , 1690337 , 193 , 193 , 1.0 , 193.0 , 1
map_2_1.out, NODE_47235_length_480_cov_2.108333, yes, 0.0 , 0.0 , 184041 , 183558 , 481 , 484 , 0.99 , 475.0 , 1
map_2_1.out, NODE_47420_length_821_cov_46.140072, no,,,,,,,,
map_2_1.out, NODE_47546_length_549_cov_69.291435, no,,,,,,,,
map_2_1.out, NODE_47828_length_1101_cov_40.803814, no,,,,,,,,
map_2_1.out, NODE_47865_length_555_cov_5.486486, yes, 0.0 , 0.0 , 83534 , 84103 , 548 , 574 , 0.95 , 494.0 , 1
0.0 , 0.0 , 2113413 , 2112899 , 491 , 516 , 0.95 , 439.0 , 1
map_2_1.out, NODE_47870_length_874_cov_38.141876, yes, 0.0 , 0.0 , 71694 , 72362 , 603 , 676 , 0.89 , 449.0 , 1
0.0 , 0.0 , 2125381 , 2124716 , 599 , 676 , 0.89 , 436.0 , 1
map_2_1.out, NODE_48015_length_1843_cov_40.883343, no,,,,,,,,
map_2_1.out, NODE_48040_length_618_cov_96.014565, no,,,,,,,,
map_2_1.out, NODE_48231_length_502_cov_8.059761, yes, 0.0 , 0.0 , 243505 , 242963 , 511 , 543 , 0.94 , 436.0 , 1
map_2_1.out, NODE_48270_length_738_cov_25.724932, yes, 0.0 , 0.0 , 1025353 , 1024865 , 472 , 489 , 0.97 , 438.0 , 2
map_2_1.out, NODE_48915_length_1115_cov_78.222420, no,,,,,,,,
map_2_1.out, NODE_48994_length_571_cov_61.486866, no,,,,,,,,
map_2_1.out, NODE_49187_length_1197_cov_37.866333, no,,,,,,,,
map_2_1.out, NODE_49481_length_745_cov_8.699328, yes, 0.0 , 0.0 , 897526 , 897966 , 440 , 441 , 1.0 , 438.0 , 2
map_2_1.out, NODE_49509_length_495_cov_7.098990, yes, 0.0 , 0.0 , 488534 , 489039 , 505 , 506 , 1.0 , 503.0 , 2
map_2_1.out, NODE_49535_length_902_cov_38.984478, yes, 4.35421e-159 , 0.0 , 445485 , 445101 , 360 , 387 , 0.93 , 303.0 , 1
3.87761e-60 , 0.0 , 69519 , 69835 , 261 , 325 , 0.8 , 125.0 , 1
map_2_1.out, NODE_49556_length_610_cov_18.718033, yes, 0.0 , 0.0 , 1057224 , 1056595 , 566 , 630 , 0.9 , 438.0 , 1
map_2_1.out, NODE_49575_length_599_cov_18.120201, yes, 0.0 , 0.0 , 1372658 , 1372200 , 459 , 459 , 1.0 , 459.0 , 1
1.96042e-71 , 0.0 , 2471227 , 2471386 , 155 , 160 , 0.97 , 145.0 , 1
map_2_1.out, NODE_49881_length_878_cov_17.756264, yes, 0.0 , 0.0 , 327833 , 328288 , 452 , 456 , 0.99 , 444.0 , 4
map_2_1.out, NODE_50015_length_591_cov_74.153976, no,,,,,,,,
map_2_1.out, NODE_50018_length_780_cov_39.198719, no,,,,,,,,
map_2_1.out, NODE_50025_length_922_cov_28.324295, no,,,,,,,,
map_2_1.out, NODE_50054_length_679_cov_56.895435, no,,,,,,,,
map_2_1.out, NODE_50096_length_525_cov_59.746666, no,,,,,,,,
map_2_1.out, NODE_50175_length_676_cov_6.445266, yes, 0.0 , 0.0 , 244408 , 244024 , 385 , 385 , 1.0 , 385.0 , 2
map_2_1.out, NODE_50365_length_1340_cov_39.423134, no,,,,,,,,
map_2_1.out, NODE_50391_length_1884_cov_23.803610, no,,,,,,,,
map_2_1.out, NODE_50425_length_927_cov_60.262135, no,,,,,,,,
map_2_1.out, NODE_50523_length_872_cov_25.319954, no,,,,,,,,
map_2_1.out, NODE_50524_length_1386_cov_28.469696, no,,,,,,,,
map_2_1.out, NODE_50674_length_488_cov_11.282787, yes, 1.08538e-162 , 0.0 , 192485 , 192144 , 331 , 342 , 0.97 , 309.0 , 7
map_2_1.out, NODE_50685_length_596_cov_35.459732, yes, 7.87765e-170 , 0.0 , 1053001 , 1053334 , 330 , 334 , 0.99 , 322.0 , 5
map_2_1.out, NODE_50714_length_573_cov_1.842932, yes, 0.0 , 0.0 , 1131252 , 1131844 , 593 , 593 , 1.0 , 593.0 , 1
map_2_1.out, NODE_50906_length_1300_cov_13.770000, yes, 0.0 , 0.0 , 289857 , 290557 , 691 , 701 , 0.99 , 671.0 , 6
9.36761e-58 , 0.0 , 1147254 , 1146924 , 278 , 348 , 0.8 , 121.0 , 1
map_2_1.out, NODE_50945_length_769_cov_50.765930, no,,,,,,,,
map_2_1.out, NODE_51143_length_844_cov_42.901657, yes, 1.99102e-122 , 0.0 , 1250048 , 1250362 , 294 , 320 , 0.92 , 237.0 , 1
map_2_1.out, NODE_51156_length_492_cov_30.457317, yes, 0.0 , 0.0 , 1059797 , 1060308 , 461 , 512 , 0.9 , 359.0 , 1
map_2_1.out, NODE_51284_length_580_cov_27.105173, no,,,,,,,,
map_2_1.out, NODE_51387_length_534_cov_2.411985, yes, 0.0 , 0.0 , 1517963 , 1517408 , 549 , 556 , 0.99 , 534.0 , 1
map_2_1.out, NODE_51418_length_488_cov_5.602459, yes, 0.0 , 0.0 , 774476 , 773943 , 502 , 534 , 0.94 , 425.0 , 1
map_2_1.out, NODE_51463_length_489_cov_71.478531, no,,,,,,,,
map_2_1.out, NODE_51658_length_731_cov_76.538986, no,,,,,,,,
map_2_1.out, NODE_51698_length_773_cov_30.415266, no,,,,,,,,
map_2_1.out, NODE_51734_length_908_cov_28.949339, yes, 0.0 , 0.0 , 1077083 , 1078005 , 843 , 923 , 0.91 , 683.0 , 1
map_2_1.out, NODE_51760_length_855_cov_21.740351, no,,,,,,,,
map_2_1.out, NODE_51875_length_503_cov_7.465209, yes, 0.0 , 0.0 , 1059165 , 1058645 , 494 , 521 , 0.95 , 440.0 , 1
map_2_1.out, NODE_52038_length_1281_cov_23.345823, no,,,,,,,,
map_2_1.out, NODE_52044_length_3027_cov_23.356789, no,,,,,,,,
map_2_1.out, NODE_52127_length_549_cov_40.165756, no,,,,,,,,
map_2_1.out, NODE_52244_length_666_cov_28.337837, no,,,,,,,,
map_2_1.out, NODE_52248_length_1366_cov_32.571743, no,,,,,,,,
map_2_1.out, NODE_52554_length_910_cov_23.942858, no,,,,,,,,
map_2_1.out, NODE_52607_length_491_cov_22.014257, yes, 0.0 , 0.0 , 1542825 , 1542428 , 398 , 398 , 1.0 , 398.0 , 1
map_2_1.out, NODE_52617_length_1373_cov_26.514202, no,,,,,,,,
map_2_1.out, NODE_52738_length_693_cov_45.139973, no,,,,,,,,
map_2_1.out, NODE_52805_length_581_cov_19.956970, yes, 8.12513e-130 , 0.0 , 677012 , 676694 , 296 , 319 , 0.93 , 250.0 , 2
8.12513e-130 , 0.0 , 154573 , 154255 , 296 , 319 , 0.93 , 250.0 , 2
map_2_1.out, NODE_52819_length_519_cov_44.221581, no,,,,,,,,
map_2_1.out, NODE_53242_length_1857_cov_25.963383, no,,,,,,,,
map_2_1.out, NODE_53367_length_501_cov_23.229542, yes, 0.0 , 0.0 , 1083604 , 1084119 , 466 , 516 , 0.9 , 366.0 , 1
map_2_1.out, NODE_53426_length_1076_cov_21.460037, yes, 0.0 , 0.0 , 2024140 , 2023571 , 508 , 578 , 0.88 , 355.0 , 1
map_2_1.out, NODE_53457_length_511_cov_24.925636, no,,,,,,,,
map_2_1.out, NODE_53478_length_481_cov_1.663202, yes, 0.0 , 0.0 , 1287328 , 1286828 , 501 , 501 , 1.0 , 501.0 , 1
map_2_1.out, NODE_53520_length_858_cov_23.800699, no,,,,,,,,
map_2_1.out, NODE_53630_length_824_cov_66.424759, no,,,,,,,,
map_2_1.out, NODE_53702_length_1930_cov_24.181347, no,,,,,,,,
map_2_1.out, NODE_53722_length_951_cov_65.173500, no,,,,,,,,
map_2_1.out, NODE_53801_length_1400_cov_48.865002, yes, 1.59566e-95 , 0.0 , 2992 , 3799 , 644 , 850 , 0.76 , 189.0 , 1
map_2_1.out, NODE_53819_length_862_cov_48.416473, yes, 0.0 , 0.0 , 147124 , 147615 , 492 , 492 , 1.0 , 492.0 , 1
map_2_1.out, NODE_53998_length_580_cov_31.760345, yes, 0.0 , 0.0 , 1584305 , 1583812 , 493 , 494 , 1.0 , 491.0 , 2
map_2_1.out, NODE_54137_length_512_cov_59.642578, no,,,,,,,,
map_2_1.out, NODE_54235_length_603_cov_14.087893, yes, 0.0 , 0.0 , 2115069 , 2114440 , 587 , 634 , 0.93 , 485.0 , 1
0.0 , 0.0 , 82002 , 82608 , 564 , 611 , 0.92 , 463.0 , 1
map_2_1.out, NODE_54238_length_636_cov_27.910378, yes, 0.0 , 0.0 , 1046145 , 1045491 , 586 , 655 , 0.89 , 448.0 , 1
map_2_1.out, NODE_54326_length_2098_cov_23.515730, no,,,,,,,,
map_2_1.out, NODE_54452_length_1936_cov_38.717976, yes, 0.0 , 0.0 , 63631 , 65534 , 1679 , 1960 , 0.86 , 1077.0 , 1
map_2_1.out, NODE_54456_length_529_cov_12.841209, yes, 0.0 , 0.0 , 634460 , 635008 , 543 , 549 , 0.99 , 531.0 , 1
map_2_1.out, NODE_54614_length_1344_cov_18.443453, yes, 0.0 , 0.0 , 2618033 , 2619297 , 1166 , 1265 , 0.92 , 968.0 , 2
0.0 , 0.0 , 662644 , 661281 , 1073 , 1370 , 0.78 , 473.0 , 1
map_2_1.out, NODE_54789_length_1132_cov_45.714664, no,,,,,,,,
map_2_1.out, NODE_54851_length_519_cov_14.437380, yes, 0.0 , 0.0 , 596858 , 597376 , 518 , 519 , 1.0 , 516.0 , 1
map_2_1.out, NODE_54854_length_2635_cov_34.896015, yes, 0.0 , 0.0 , 316038 , 315268 , 760 , 782 , 0.97 , 710.0 , 1
map_2_1.out, NODE_55209_length_749_cov_22.891855, yes, 0.0 , 0.0 , 60077 , 60570 , 468 , 499 , 0.94 , 400.0 , 2
1.55232e-33 , 0.0 , 845048 , 844913 , 121 , 141 , 0.86 , 77.0 , 1
map_2_1.out, NODE_55333_length_1484_cov_64.878708, no,,,,,,,,
map_2_1.out, NODE_55362_length_613_cov_25.070147, no,,,,,,,,
map_2_1.out, NODE_55598_length_990_cov_40.378788, no,,,,,,,,
map_2_1.out, NODE_55697_length_545_cov_42.933945, no,,,,,,,,
map_2_1.out, NODE_55725_length_1483_cov_41.992584, no,,,,,,,,
map_2_1.out, NODE_55728_length_2004_cov_44.352295, no,,,,,,,,
map_2_1.out, NODE_55763_length_799_cov_40.225281, no,,,,,,,,
map_2_1.out, NODE_55975_length_490_cov_20.318367, yes, 1.94362e-115 , 0.0 , 16708 , 16215 , 428 , 520 , 0.82 , 224.0 , 1
map_2_1.out, NODE_56004_length_2962_cov_26.147873, no,,,,,,,,
map_2_1.out, NODE_56219_length_734_cov_13.633515, yes, 1.57583e-08 , 1.57582998872e-08 , 1690532 , 1690563 , 32 , 32 , 1.0 , 32.0 , 1
map_2_1.out, NODE_56233_length_583_cov_19.061750, yes, 0.0 , 0.0 , 1752501 , 1751940 , 561 , 562 , 1.0 , 559.0 , 1
map_2_1.out, NODE_56237_length_519_cov_21.192678, yes, 0.0 , 0.0 , 1215056 , 1215457 , 402 , 402 , 1.0 , 402.0 , 2
map_2_1.out, NODE_56243_length_639_cov_21.873240, yes, 1.90838e-136 , 0.0 , 72124 , 72492 , 337 , 372 , 0.91 , 262.0 , 1
map_2_1.out, NODE_56413_length_617_cov_33.789303, yes, 0.0 , 0.0 , 1075617 , 1074981 , 559 , 638 , 0.88 , 400.0 , 1
map_2_1.out, NODE_56436_length_851_cov_24.712103, no,,,,,,,,
map_2_1.out, NODE_56446_length_1281_cov_42.939110, yes, 2.11432e-14 , 2.10942374679e-14 , 279468 , 279513 , 45 , 46 , 0.98 , 43.0 , 1
map_2_1.out, NODE_56520_length_662_cov_27.459215, no,,,,,,,,
map_2_1.out, NODE_56559_length_1216_cov_44.400494, yes, 1.04095e-116 , 0.0 , 908465 , 908737 , 259 , 274 , 0.95 , 227.0 , 1
map_2_1.out, NODE_56599_length_667_cov_21.665667, yes, 1.29624e-78 , 0.0 , 942887 , 942673 , 197 , 216 , 0.91 , 158.0 , 1
map_2_1.out, NODE_56676_length_845_cov_25.493490, yes, 1.42562e-178 , 0.0 , 1019139 , 1019581 , 408 , 443 , 0.92 , 338.0 , 2
map_2_1.out, NODE_56833_length_485_cov_1.826804, yes, 0.0 , 0.0 , 1827025 , 1827529 , 502 , 505 , 0.99 , 496.0 , 1
map_2_1.out, NODE_56839_length_1748_cov_43.264874, no,,,,,,,,
map_2_1.out, NODE_57157_length_1626_cov_36.241699, no,,,,,,,,
map_2_1.out, NODE_57186_length_744_cov_52.057796, no,,,,,,,,
map_2_1.out, NODE_57229_length_3197_cov_33.643105, no,,,,,,,,
map_2_1.out, NODE_57341_length_1715_cov_38.696793, no,,,,,,,,
map_2_1.out, NODE_57348_length_933_cov_19.536978, yes, 0.0 , 0.0 , 683529 , 682600 , 929 , 930 , 1.0 , 927.0 , 2
map_2_1.out, NODE_57386_length_1417_cov_40.509525, yes, 9.31648e-123 , 0.0 , 104693 , 105084 , 343 , 393 , 0.87 , 238.0 , 1
1.70915e-55 , 0.0 , 2097338 , 2096937 , 328 , 421 , 0.78 , 117.0 , 1
map_2_1.out, NODE_57423_length_534_cov_3.930712, yes, 0.0 , 0.0 , 683014 , 683567 , 553 , 554 , 1.0 , 551.0 , 1
map_2_1.out, NODE_57489_length_557_cov_1.579892, yes, 0.0 , 0.0 , 796448 , 797024 , 576 , 577 , 1.0 , 574.0 , 1
map_2_1.out, NODE_57587_length_1096_cov_24.513685, yes, 0.0 , 0.0 , 1078054 , 1076939 , 1003 , 1117 , 0.9 , 774.0 , 1
map_2_1.out, NODE_57690_length_2776_cov_26.296829, no,,,,,,,,
map_2_1.out, NODE_57901_length_682_cov_5.662756, yes, 0.0 , 0.0 , 699762 , 700253 , 475 , 500 , 0.95 , 419.0 , 2
map_2_1.out, NODE_58239_length_508_cov_1.706693, yes, 0.0 , 0.0 , 46187 , 45660 , 527 , 528 , 1.0 , 525.0 , 1
map_2_1.out, NODE_58277_length_1014_cov_21.872782, yes, 1.76159e-158 , 0.0 , 234707 , 235231 , 459 , 533 , 0.86 , 302.0 , 1
map_2_1.out, NODE_58280_length_3489_cov_38.275723, no,,,,,,,,
map_2_1.out, NODE_58290_length_2025_cov_30.404444, yes, 0.0 , 0.0 , 626368 , 627052 , 649 , 686 , 0.95 , 574.0 , 1
map_2_1.out, NODE_58379_length_942_cov_33.173035, yes, 0.0 , 0.0 , 1175678 , 1176638 , 841 , 966 , 0.87 , 586.0 , 1
map_2_1.out, NODE_58505_length_5319_cov_41.618912, no,,,,,,,,
map_2_1.out, NODE_58550_length_936_cov_11.244658, yes, 0.0 , 0.0 , 838978 , 839905 , 924 , 929 , 0.99 , 912.0 , 1
map_2_1.out, NODE_58609_length_488_cov_14.047132, yes, 0.0 , 0.0 , 623377 , 623884 , 508 , 508 , 1.0 , 508.0 , 1
map_2_1.out, NODE_58813_length_536_cov_78.483208, no,,,,,,,,
map_2_1.out, NODE_58992_length_1329_cov_43.636570, yes, 0.0 , 0.0 , 1036488 , 1036073 , 412 , 416 , 0.99 , 404.0 , 1
map_2_1.out, NODE_59117_length_492_cov_30.538618, yes, 9.67692e-69 , 0.0 , 50340 , 50545 , 186 , 208 , 0.89 , 140.0 , 1
map_2_1.out, NODE_59134_length_641_cov_25.773790, yes, 0.0 , 0.0 , 1079370 , 1078711 , 595 , 660 , 0.9 , 465.0 , 1
map_2_1.out, NODE_59169_length_577_cov_37.703640, no,,,,,,,,
map_2_1.out, NODE_59174_length_984_cov_26.784554, no,,,,,,,,
map_2_1.out, NODE_59218_length_622_cov_9.717042, yes, 0.0 , 0.0 , 84786 , 84145 , 637 , 642 , 0.99 , 627.0 , 1
1.85729e-136 , 0.0 , 215739 , 216374 , 526 , 651 , 0.81 , 262.0 , 1
map_2_1.out, NODE_59650_length_983_cov_41.278740, no,,,,,,,,
map_2_1.out, NODE_59711_length_900_cov_39.597778, no,,,,,,,,
map_2_1.out, NODE_59746_length_1625_cov_30.840616, yes, 0.0 , 0.0 , 2117195 , 2118815 , 1432 , 1689 , 0.85 , 858.0 , 1
0.0 , 0.0 , 79846 , 78354 , 1330 , 1561 , 0.85 , 814.0 , 1
map_2_1.out, NODE_59815_length_1003_cov_47.793617, no,,,,,,,,
map_2_1.out, NODE_59953_length_793_cov_30.655737, yes, 1.85681e-127 , 0.0 , 926550 , 926022 , 445 , 538 , 0.83 , 246.0 , 1
map_2_1.out, NODE_59983_length_1078_cov_41.286640, no,,,,,,,,
map_2_1.out, NODE_60102_length_3614_cov_41.891533, no,,,,,,,,
map_2_1.out, NODE_60172_length_642_cov_3.017134, yes, 0.0 , 0.0 , 1761321 , 1761981 , 656 , 662 , 0.99 , 643.0 , 1
map_2_1.out, NODE_60230_length_987_cov_43.858154, no,,,,,,,,
map_2_1.out, NODE_60290_length_1934_cov_37.824200, no,,,,,,,,
map_2_1.out, NODE_60300_length_778_cov_40.131104, no,,,,,,,,
map_2_1.out, NODE_60374_length_792_cov_57.539143, no,,,,,,,,
map_2_1.out, NODE_60443_length_1310_cov_24.500763, no,,,,,,,,
map_2_1.out, NODE_60688_length_1297_cov_28.488821, no,,,,,,,,
map_2_1.out, NODE_60875_length_719_cov_30.191933, no,,,,,,,,
map_2_1.out, NODE_60944_length_865_cov_23.673988, yes, 0.0 , 0.0 , 1054139 , 1055023 , 794 , 885 , 0.9 , 612.0 , 1
map_2_1.out, NODE_60963_length_695_cov_57.948200, yes, 0.0 , 0.0 , 2636698 , 2635981 , 616 , 726 , 0.85 , 386.0 , 1
map_2_1.out, NODE_61214_length_555_cov_45.610809, no,,,,,,,,
map_2_1.out, NODE_61261_length_1132_cov_27.735867, no,,,,,,,,
map_2_1.out, NODE_61726_length_498_cov_20.028112, yes, 0.0 , 0.0 , 270245 , 269728 , 516 , 518 , 1.0 , 512.0 , 1
map_2_1.out, NODE_61734_length_1582_cov_28.029078, yes, 3.90464e-92 , 0.0 , 79788 , 79579 , 202 , 211 , 0.96 , 183.0 , 1
map_2_1.out, NODE_61806_length_1466_cov_46.520462, no,,,,,,,,
map_2_1.out, NODE_62039_length_642_cov_45.239876, no,,,,,,,,
map_2_1.out, NODE_62082_length_624_cov_22.211538, yes, 4.3907e-73 , 0.0 , 644325 , 644575 , 221 , 256 , 0.86 , 148.0 , 1
map_2_1.out, NODE_62401_length_517_cov_13.903288, yes, 0.0 , 0.0 , 1042707 , 1042171 , 514 , 537 , 0.96 , 468.0 , 1
map_2_1.out, NODE_62472_length_1700_cov_25.595882, no,,,,,,,,
map_2_1.out, NODE_62577_length_2183_cov_40.597343, yes, 0.0 , 0.0 , 15032 , 16816 , 1388 , 1850 , 0.75 , 393.0 , 1
0.0 , 0.0 , 2670511 , 2668746 , 1354 , 1823 , 0.74 , 353.0 , 1
map_2_1.out, NODE_62875_length_543_cov_27.896870, yes, 0.0 , 0.0 , 1084166 , 1083604 , 502 , 563 , 0.89 , 380.0 , 1
map_2_1.out, NODE_63099_length_550_cov_21.221819, yes, 2.78494e-124 , 0.0 , 57810 , 57256 , 466 , 573 , 0.81 , 240.0 , 1
map_2_1.out, NODE_63217_length_721_cov_75.270454, no,,,,,,,,
map_2_1.out, NODE_63316_length_481_cov_5.176715, yes, 0.0 , 0.0 , 1893965 , 1893616 , 349 , 350 , 1.0 , 347.0 , 2
map_2_1.out, NODE_63382_length_620_cov_24.019356, no,,,,,,,,
map_2_1.out, NODE_63465_length_1065_cov_25.743662, yes, 1.32927e-30 , 0.0 , 195797 , 195707 , 85 , 91 , 0.93 , 72.0 , 1
map_2_1.out, NODE_63484_length_1098_cov_22.296904, no,,,,,,,,
map_2_1.out, NODE_63646_length_507_cov_1.962525, yes, 0.0 , 0.0 , 1133004 , 1133530 , 527 , 527 , 1.0 , 527.0 , 1
map_2_1.out, NODE_63709_length_1660_cov_63.251205, no,,,,,,,,
map_2_1.out, NODE_63731_length_639_cov_27.175274, yes, 3.90362e-173 , 0.0 , 1020286 , 1020769 , 432 , 484 , 0.89 , 328.0 , 1
map_2_1.out, NODE_63890_length_505_cov_1.742574, yes, 0.0 , 0.0 , 2005964 , 2006488 , 525 , 525 , 1.0 , 525.0 , 1
map_2_1.out, NODE_64138_length_535_cov_44.433643, no,,,,,,,,
map_2_1.out, NODE_64426_length_1766_cov_20.895243, no,,,,,,,,
map_2_1.out, NODE_64454_length_480_cov_30.556250, yes, 0.0 , 0.0 , 1999415 , 1998942 , 473 , 474 , 1.0 , 471.0 , 2
map_2_1.out, NODE_64539_length_1669_cov_19.855602, yes, 1.98589e-65 , 0.0 , 719488 , 719622 , 135 , 135 , 1.0 , 135.0 , 1
map_2_1.out, NODE_64634_length_542_cov_26.383764, no,,,,,,,,
map_2_1.out, NODE_64760_length_835_cov_22.565269, no,,,,,,,,
map_2_1.out, NODE_64792_length_1262_cov_28.774960, yes, 0.0 , 0.0 , 1060447 , 1059167 , 1162 , 1281 , 0.91 , 924.0 , 1
map_2_1.out, NODE_64798_length_1446_cov_42.669434, yes, 1.71975e-65 , 0.0 , 2126520 , 2126816 , 248 , 301 , 0.82 , 135.0 , 1
1.71975e-65 , 0.0 , 70555 , 70259 , 248 , 301 , 0.82 , 135.0 , 1
map_2_1.out, NODE_64995_length_667_cov_2.623688, yes, 0.0 , 0.0 , 2082705 , 2082019 , 684 , 687 , 1.0 , 678.0 , 1
map_2_1.out, NODE_65065_length_510_cov_47.249020, no,,,,,,,,
map_2_1.out, NODE_65255_length_538_cov_11.373606, yes, 0.0 , 0.0 , 2211937 , 2212441 , 500 , 506 , 0.99 , 487.0 , 1
map_2_1.out, NODE_65272_length_1715_cov_26.537609, no,,,,,,,,
map_2_1.out, NODE_65319_length_504_cov_14.279762, yes, 0.0 , 0.0 , 2537021 , 2537541 , 517 , 521 , 0.99 , 509.0 , 1
map_2_1.out, NODE_65376_length_532_cov_10.231203, yes, 0.0 , 0.0 , 950855 , 950427 , 429 , 429 , 1.0 , 429.0 , 2
map_2_1.out, NODE_65678_length_549_cov_13.602915, yes, 0.0 , 0.0 , 945535 , 946103 , 569 , 569 , 1.0 , 569.0 , 1
map_2_1.out, NODE_65902_length_1117_cov_27.940018, no,,,,,,,,
map_2_1.out, NODE_65921_length_810_cov_33.929630, yes, 0.0 , 0.0 , 1550464 , 1550948 , 482 , 485 , 0.99 , 476.0 , 2
map_2_1.out, NODE_66095_length_844_cov_27.073460, yes, 2.06271e-97 , 0.0 , 182592 , 182947 , 312 , 367 , 0.85 , 192.0 , 1
map_2_1.out, NODE_66116_length_598_cov_19.133780, yes, 0.0 , 0.0 , 1146092 , 1146705 , 560 , 616 , 0.91 , 446.0 , 1
6.55831e-121 , 0.0 , 289019 , 288408 , 492 , 618 , 0.8 , 234.0 , 1
map_2_1.out, NODE_66129_length_633_cov_20.881517, no,,,,,,,,
map_2_1.out, NODE_66234_length_810_cov_65.920990, no,,,,,,,,
map_2_1.out, NODE_66243_length_667_cov_43.058472, no,,,,,,,,
map_2_1.out, NODE_66333_length_1416_cov_18.362995, yes, 0.0 , 0.0 , 221401 , 222251 , 799 , 862 , 0.93 , 665.0 , 1
map_2_1.out, NODE_66351_length_897_cov_26.740246, no,,,,,,,,
map_2_1.out, NODE_66583_length_653_cov_38.436447, yes, 9.13901e-130 , 0.0 , 269438 , 269693 , 254 , 256 , 0.99 , 250.0 , 2
map_2_1.out, NODE_66741_length_2029_cov_26.770330, no,,,,,,,,
map_2_1.out, NODE_66745_length_568_cov_33.007042, no,,,,,,,,
map_2_1.out, NODE_66998_length_554_cov_79.761734, no,,,,,,,,
map_2_1.out, NODE_67182_length_487_cov_13.271048, yes, 0.0 , 0.0 , 829728 , 829237 , 492 , 492 , 1.0 , 492.0 , 1
map_2_1.out, NODE_67300_length_703_cov_32.029873, no,,,,,,,,
map_2_1.out, NODE_67507_length_1364_cov_43.375366, no,,,,,,,,
map_2_1.out, NODE_67553_length_549_cov_86.515480, no,,,,,,,,
map_2_1.out, NODE_67644_length_694_cov_26.002882, yes, 7.09791e-171 , 0.0 , 1018506 , 1018036 , 422 , 471 , 0.9 , 324.0 , 3
map_2_1.out, NODE_67683_length_963_cov_36.735203, yes, 0.0 , 0.0 , 292505 , 293478 , 888 , 978 , 0.91 , 702.0 , 1
map_2_1.out, NODE_67805_length_1264_cov_30.901899, yes, 0.0 , 0.0 , 964647 , 965931 , 1132 , 1294 , 0.87 , 795.0 , 1
map_2_1.out, NODE_67948_length_620_cov_31.470968, no,,,,,,,,
map_2_1.out, NODE_67964_length_553_cov_11.533454, yes, 0.0 , 0.0 , 1957469 , 1958041 , 573 , 573 , 1.0 , 573.0 , 1
map_2_1.out, NODE_68166_length_2915_cov_26.595198, no,,,,,,,,
map_2_1.out, NODE_68199_length_692_cov_26.289017, yes, 0.0 , 0.0 , 36359 , 36845 , 483 , 487 , 0.99 , 474.0 , 1
map_2_1.out, NODE_68201_length_675_cov_13.671111, yes, 0.0 , 0.0 , 1028803 , 1029497 , 658 , 697 , 0.94 , 577.0 , 1
map_2_1.out, NODE_68240_length_870_cov_3.640230, yes, 0.0 , 0.0 , 1053098 , 1052209 , 888 , 890 , 1.0 , 884.0 , 1
map_2_1.out, NODE_68401_length_2680_cov_24.455223, no,,,,,,,,
map_2_1.out, NODE_68478_length_763_cov_18.467890, yes, 0.0 , 0.0 , 1050499 , 1049717 , 718 , 783 , 0.92 , 588.0 , 1
map_2_1.out, NODE_68520_length_539_cov_43.218925, no,,,,,,,,
map_2_1.out, NODE_68714_length_493_cov_40.574036, no,,,,,,,,
map_2_1.out, NODE_68793_length_888_cov_38.234234, no,,,,,,,,
map_2_1.out, NODE_69536_length_1193_cov_25.333612, no,,,,,,,,
map_2_1.out, NODE_69542_length_588_cov_33.591835, yes, 0.0 , 0.0 , 915732 , 915298 , 433 , 435 , 1.0 , 429.0 , 2
map_2_1.out, NODE_69704_length_1027_cov_41.000973, no,,,,,,,,
map_2_1.out, NODE_69900_length_520_cov_38.951923, yes, 0.0 , 0.0 , 432575 , 432987 , 413 , 413 , 1.0 , 413.0 , 2
map_2_1.out, NODE_69944_length_563_cov_13.760213, yes, 0.0 , 0.0 , 744438 , 743994 , 445 , 445 , 1.0 , 445.0 , 2
map_2_1.out, NODE_69995_length_795_cov_23.856604, no,,,,,,,,
map_2_1.out, NODE_70003_length_489_cov_12.885481, yes, 0.0 , 0.0 , 937536 , 938043 , 507 , 509 , 1.0 , 502.0 , 1
map_2_1.out, NODE_70175_length_650_cov_27.084616, no,,,,,,,,
map_2_1.out, NODE_70227_length_863_cov_79.505211, no,,,,,,,,
map_2_1.out, NODE_70355_length_497_cov_49.716297, no,,,,,,,,
map_2_1.out, NODE_70403_length_512_cov_25.892578, yes, 3.49716e-93 , 0.0 , 749408 , 749162 , 229 , 250 , 0.92 , 184.0 , 1
map_2_1.out, NODE_70444_length_1173_cov_26.716112, no,,,,,,,,
map_2_1.out, NODE_70609_length_1944_cov_27.068415, yes, 0.0 , 0.0 , 281538 , 280057 , 1362 , 1488 , 0.92 , 1104.0 , 2
0.0 , 0.0 , 951184 , 950545 , 563 , 660 , 0.85 , 354.0 , 1
5.78325e-141 , 0.0 , 1026064 , 1026503 , 393 , 448 , 0.88 , 271.0 , 1
map_2_1.out, NODE_70686_length_487_cov_8.714579, yes, 0.0 , 0.0 , 1019595 , 1019087 , 502 , 509 , 0.99 , 487.0 , 1
map_2_1.out, NODE_70720_length_604_cov_58.571194, no,,,,,,,,
map_2_1.out, NODE_70749_length_844_cov_36.458530, no,,,,,,,,
map_2_1.out, NODE_70795_length_669_cov_22.261585, no,,,,,,,,
map_2_1.out, NODE_70941_length_514_cov_1.966926, yes, 0.0 , 0.0 , 667793 , 668326 , 530 , 534 , 0.99 , 522.0 , 1
map_2_1.out, NODE_70988_length_913_cov_51.497261, yes, 0.0 , 0.0 , 10011 , 9545 , 466 , 468 , 1.0 , 461.0 , 1
map_2_1.out, NODE_70992_length_569_cov_16.144112, yes, 0.0 , 0.0 , 1961271 , 1960692 , 579 , 580 , 1.0 , 577.0 , 1
map_2_1.out, NODE_70998_length_3159_cov_27.504591, no,,,,,,,,
map_2_1.out, NODE_71017_length_709_cov_40.401974, no,,,,,,,,
map_2_1.out, NODE_71145_length_588_cov_13.198979, yes, 0.0 , 0.0 , 2767351 , 2767778 , 428 , 428 , 1.0 , 428.0 , 1
map_2_1.out, NODE_71185_length_778_cov_1.994859, yes, 0.0 , 0.0 , 2757523 , 2756705 , 793 , 819 , 0.97 , 730.0 , 1
map_2_1.out, NODE_71453_length_666_cov_15.430931, yes, 0.0 , 0.0 , 306639 , 305954 , 618 , 691 , 0.89 , 467.0 , 1
map_2_1.out, NODE_71471_length_520_cov_25.580769, no,,,,,,,,
map_2_1.out, NODE_71636_length_1305_cov_39.304214, yes, 1.03379e-171 , 0.0 , 1030699 , 1031172 , 435 , 485 , 0.9 , 326.0 , 2
map_2_1.out, NODE_71775_length_540_cov_5.535185, yes, 0.0 , 0.0 , 7165 , 7723 , 559 , 559 , 1.0 , 559.0 , 1
map_2_1.out, NODE_72509_length_744_cov_24.356182, no,,,,,,,,
map_2_1.out, NODE_72589_length_3995_cov_25.308636, no,,,,,,,,
map_2_1.out, NODE_72641_length_964_cov_26.326763, no,,,,,,,,
map_2_1.out, NODE_72666_length_1172_cov_13.912970, yes, 0.0 , 0.0 , 27451 , 26379 , 988 , 1077 , 0.92 , 800.0 , 2
map_2_1.out, NODE_72773_length_583_cov_6.008576, yes, 0.0 , 0.0 , 599113 , 599715 , 602 , 603 , 1.0 , 600.0 , 1
map_2_1.out, NODE_72815_length_669_cov_14.665172, yes, 0.0 , 0.0 , 740973 , 741581 , 586 , 610 , 0.96 , 537.0 , 1
map_2_1.out, NODE_73379_length_633_cov_40.930489, yes, 4.36089e-88 , 0.0 , 2101224 , 2101462 , 223 , 245 , 0.91 , 175.0 , 1
map_2_1.out, NODE_73538_length_727_cov_2.174690, yes, 0.0 , 0.0 , 1244149 , 1244895 , 747 , 747 , 1.0 , 747.0 , 1
map_2_1.out, NODE_73687_length_1023_cov_64.354836, no,,,,,,,,
map_2_1.out, NODE_73833_length_563_cov_4.351687, yes, 0.0 , 0.0 , 1912180 , 1912762 , 582 , 583 , 1.0 , 580.0 , 1
map_2_1.out, NODE_73934_length_994_cov_26.870222, no,,,,,,,,
map_2_1.out, NODE_74155_length_721_cov_29.966713, yes, 0.0 , 0.0 , 1075837 , 1076577 , 661 , 741 , 0.89 , 501.0 , 1
map_2_1.out, NODE_74307_length_1810_cov_27.372375, no,,,,,,,,
map_2_1.out, NODE_74563_length_1843_cov_39.400433, yes, 0.0 , 0.0 , 126918 , 127381 , 460 , 464 , 0.99 , 452.0 , 1
map_2_1.out, NODE_74824_length_708_cov_14.192090, yes, 0.0 , 0.0 , 1723638 , 1723128 , 511 , 512 , 1.0 , 508.0 , 2
map_2_1.out, NODE_74859_length_530_cov_42.866039, no,,,,,,,,
map_2_1.out, NODE_75057_length_482_cov_20.860996, yes, 0.0 , 0.0 , 1541930 , 1542433 , 502 , 504 , 1.0 , 497.0 , 1
map_2_1.out, NODE_76025_length_504_cov_6.761905, yes, 0.0 , 0.0 , 1612502 , 1612120 , 382 , 383 , 1.0 , 380.0 , 2
map_2_1.out, NODE_76262_length_1108_cov_41.101082, yes, 7.22637e-128 , 0.0 , 31837 , 32443 , 510 , 631 , 0.81 , 247.0 , 1
map_2_1.out, NODE_76319_length_488_cov_1.575820, yes, 0.0 , 0.0 , 774994 , 775501 , 507 , 508 , 1.0 , 505.0 , 1
map_2_1.out, NODE_76463_length_2099_cov_49.716530, yes, 0.0 , 0.0 , 75721 , 76894 , 972 , 1198 , 0.81 , 486.0 , 2
0.0 , 0.0 , 2121226 , 2120138 , 888 , 1113 , 0.8 , 404.0 , 1
map_2_1.out, NODE_76923_length_4992_cov_37.564102, yes, 0.0 , 0.0 , 287651 , 290415 , 2394 , 2829 , 0.85 , 1460.0 , 2
map_2_1.out, NODE_77140_length_993_cov_27.854984, yes, 4.66212e-179 , 0.0 , 67758 , 68584 , 713 , 881 , 0.81 , 339.0 , 1
map_2_1.out, NODE_77369_length_512_cov_12.527344, yes, 0.0 , 0.0 , 855926 , 856457 , 529 , 532 , 0.99 , 523.0 , 1
map_2_1.out, NODE_77690_length_678_cov_25.879057, no,,,,,,,,
map_2_1.out, NODE_77707_length_519_cov_7.350674, yes, 0.0 , 0.0 , 2619785 , 2620322 , 500 , 538 , 0.93 , 424.0 , 1
map_2_1.out, NODE_77754_length_631_cov_12.801902, yes, 0.0 , 0.0 , 311767 , 312161 , 395 , 395 , 1.0 , 395.0 , 2
map_2_1.out, NODE_77762_length_480_cov_1.656250, yes, 0.0 , 0.0 , 830446 , 830944 , 496 , 499 , 0.99 , 489.0 , 1
map_2_1.out, NODE_77797_length_486_cov_1.853909, yes, 0.0 , 0.0 , 1633958 , 1633453 , 504 , 506 , 1.0 , 500.0 , 1
map_2_1.out, NODE_77888_length_994_cov_33.019115, no,,,,,,,,
map_2_1.out, NODE_78119_length_485_cov_21.160824, yes, 0.0 , 0.0 , 1041430 , 1040927 , 464 , 504 , 0.92 , 384.0 , 1
map_2_1.out, NODE_78123_length_584_cov_2.152397, yes, 0.0 , 0.0 , 24796 , 25399 , 601 , 604 , 1.0 , 595.0 , 1
map_2_1.out, NODE_78190_length_516_cov_21.589148, no,,,,,,,,
map_2_1.out, NODE_78326_length_519_cov_14.545280, yes, 4.99255e-32 , 0.0 , 1943031 , 1942955 , 76 , 77 , 0.99 , 74.0 , 1
map_2_1.out, NODE_78343_length_486_cov_1.532922, yes, 0.0 , 0.0 , 223530 , 223025 , 506 , 506 , 1.0 , 506.0 , 1
map_2_1.out, NODE_78896_length_813_cov_41.230011, no,,,,,,,,
map_2_1.out, NODE_79108_length_594_cov_28.489899, yes, 1.36106e-142 , 0.0 , 299605 , 300167 , 482 , 579 , 0.83 , 273.0 , 1
map_2_1.out, NODE_79147_length_602_cov_54.210964, no,,,,,,,,
map_2_1.out, NODE_79148_length_2028_cov_24.824457, no,,,,,,,,
map_2_1.out, NODE_79231_length_818_cov_3.359413, yes, 0.0 , 0.0 , 1879 , 2716 , 837 , 838 , 1.0 , 835.0 , 1
map_2_1.out, NODE_79252_length_487_cov_34.632442, yes, 0.0 , 0.0 , 20520 , 20877 , 358 , 358 , 1.0 , 358.0 , 2
map_2_1.out, NODE_79309_length_565_cov_2.789381, yes, 0.0 , 0.0 , 1864796 , 1864219 , 576 , 578 , 1.0 , 572.0 , 1
map_2_1.out, NODE_79316_length_516_cov_33.375969, yes, 0.0 , 0.0 , 1012656 , 1013124 , 468 , 469 , 1.0 , 466.0 , 2
map_2_1.out, NODE_80519_length_990_cov_42.401009, no,,,,,,,,
map_2_1.out, NODE_80709_length_780_cov_18.087179, yes, 0.0 , 0.0 , 1184052 , 1184841 , 741 , 803 , 0.92 , 609.0 , 1
0.0 , 0.0 , 119795 , 119006 , 723 , 803 , 0.9 , 555.0 , 1
map_2_1.out, NODE_80960_length_1107_cov_23.995483, no,,,,,,,,
map_2_1.out, NODE_81057_length_2637_cov_28.467577, no,,,,,,,,
map_2_1.out, NODE_81134_length_679_cov_23.148748, yes, 0.0 , 0.0 , 1685654 , 1686146 , 492 , 494 , 1.0 , 487.0 , 1
map_2_1.out, NODE_81264_length_1177_cov_44.666100, yes, 0.0 , 0.0 , 2118828 , 2120018 , 1015 , 1207 , 0.84 , 613.0 , 1
0.0 , 0.0 , 78224 , 77014 , 997 , 1238 , 0.81 , 479.0 , 1
map_2_1.out, NODE_82049_length_600_cov_69.346664, no,,,,,,,,
map_2_1.out, NODE_82456_length_523_cov_2.518164, yes, 0.0 , 0.0 , 1391820 , 1392362 , 541 , 543 , 1.0 , 537.0 , 1
map_2_1.out, NODE_82483_length_538_cov_55.866173, no,,,,,,,,
map_2_1.out, NODE_82627_length_491_cov_1.260692, yes, 0.0 , 0.0 , 403230 , 403740 , 510 , 511 , 1.0 , 508.0 , 1
map_2_1.out, NODE_83014_length_570_cov_1.659649, yes, 0.0 , 0.0 , 1206930 , 1206341 , 589 , 590 , 1.0 , 587.0 , 1
map_2_1.out, NODE_83433_length_2046_cov_41.239002, no,,,,,,,,
map_2_1.out, NODE_83740_length_1890_cov_14.035979, yes, 0.0 , 0.0 , 389495 , 391391 , 1782 , 1913 , 0.93 , 1509.0 , 2
map_2_1.out, NODE_83834_length_501_cov_4.584830, yes, 0.0 , 0.0 , 317152 , 317607 , 455 , 456 , 1.0 , 453.0 , 2
map_2_1.out, NODE_83896_length_1031_cov_37.138699, no,,,,,,,,
map_2_1.out, NODE_83918_length_680_cov_22.879412, yes, 0.0 , 0.0 , 292415 , 291811 , 561 , 612 , 0.92 , 454.0 , 1
map_2_1.out, NODE_84036_length_672_cov_1.906250, yes, 0.0 , 0.0 , 2599023 , 2599714 , 689 , 692 , 1.0 , 683.0 , 1
map_2_1.out, NODE_84729_length_788_cov_37.755077, no,,,,,,,,
map_2_1.out, NODE_84841_length_526_cov_25.680609, no,,,,,,,,
map_2_1.out, NODE_85371_length_498_cov_18.391565, yes, 0.0 , 0.0 , 838947 , 838430 , 518 , 518 , 1.0 , 518.0 , 1
map_2_1.out, NODE_85417_length_1031_cov_23.064016, no,,,,,,,,
map_2_1.out, NODE_85748_length_653_cov_57.730476, no,,,,,,,,
map_2_1.out, NODE_86059_length_500_cov_10.764000, yes, 0.0 , 0.0 , 2678707 , 2679223 , 501 , 517 , 0.97 , 463.0 , 1
map_2_1.out, NODE_86723_length_1147_cov_24.434175, no,,,,,,,,
map_2_1.out, NODE_86821_length_809_cov_36.432632, no,,,,,,,,
map_2_1.out, NODE_87479_length_588_cov_5.852041, yes, 0.0 , 0.0 , 959816 , 960240 , 423 , 425 , 1.0 , 419.0 , 2
map_2_1.out, NODE_87648_length_2811_cov_24.204197, no,,,,,,,,
map_2_1.out, NODE_88909_length_1116_cov_22.008961, yes, 0.0 , 0.0 , 104186 , 103757 , 424 , 430 , 0.99 , 412.0 , 1
1.91242e-168 , 0.0 , 1033383 , 1033907 , 462 , 526 , 0.88 , 320.0 , 1
map_2_1.out, NODE_89035_length_1453_cov_42.472126, no,,,,,,,,
map_2_1.out, NODE_89839_length_918_cov_22.443356, yes, 0.0 , 0.0 , 30310 , 29370 , 880 , 945 , 0.93 , 744.0 , 1
map_2_1.out, NODE_89946_length_1911_cov_25.959183, no,,,,,,,,
map_2_1.out, NODE_89982_length_1019_cov_21.768400, no,,,,,,,,
map_2_1.out, NODE_90011_length_630_cov_29.288889, no,,,,,,,,
map_2_1.out, NODE_90776_length_489_cov_65.404907, no,,,,,,,,
map_2_1.out, NODE_91282_length_2280_cov_15.646052, yes, 0.0 , 0.0 , 259454 , 257156 , 2151 , 2310 , 0.93 , 1822.0 , 1
map_2_1.out, NODE_92360_length_774_cov_7.634367, yes, 0.0 , 0.0 , 210543 , 210120 , 421 , 424 , 0.99 , 415.0 , 2
map_2_1.out, NODE_92816_length_498_cov_2.122490, yes, 0.0 , 0.0 , 375946 , 376463 , 515 , 518 , 0.99 , 509.0 , 1
map_2_1.out, NODE_93879_length_760_cov_24.085526, no,,,,,,,,
map_2_1.out, NODE_94408_length_754_cov_26.831566, yes, 0.0 , 0.0 , 307283 , 307738 , 435 , 459 , 0.95 , 383.0 , 3
map_2_1.out, NODE_95790_length_742_cov_20.866577, no,,,,,,,,
map_2_1.out, NODE_97477_length_767_cov_40.362450, no,,,,,,,,
map_2_1.out, NODE_97495_length_653_cov_3.764165, yes, 0.0 , 0.0 , 1920268 , 1919601 , 666 , 668 , 1.0 , 662.0 , 1
map_2_1.out, NODE_97905_length_546_cov_5.175824, yes, 0.0 , 0.0 , 380448 , 379858 , 561 , 591 , 0.95 , 488.0 , 1
map_2_1.out, NODE_98163_length_586_cov_4.196246, yes, 0.0 , 0.0 , 6476 , 7081 , 606 , 606 , 1.0 , 606.0 , 1
map_2_1.out, NODE_99135_length_491_cov_1.124236, yes, 0.0 , 0.0 , 1146465 , 1145955 , 499 , 511 , 0.98 , 475.0 , 1
map_2_1.out, NODE_99522_length_590_cov_5.815254, yes, 0.0 , 0.0 , 649335 , 648724 , 608 , 612 , 0.99 , 599.0 , 1
map_2_1.out, NODE_99590_length_505_cov_21.015842, yes, 0.0 , 0.0 , 83021 , 83539 , 480 , 525 , 0.91 , 383.0 , 1
0.0 , 0.0 , 2114005 , 2113494 , 477 , 527 , 0.91 , 368.0 , 1
map_2_1.out, NODE_99706_length_482_cov_1.470954, yes, 0.0 , 0.0 , 1316720 , 1317221 , 499 , 502 , 0.99 , 493.0 , 1
map_2_1.out, NODE_100709_length_560_cov_26.753571, no,,,,,,,,
map_2_1.out, NODE_100904_length_548_cov_62.981750, no,,,,,,,,
map_2_1.out, NODE_102174_length_517_cov_5.295938, yes, 0.0 , 0.0 , 728303 , 728839 , 533 , 538 , 0.99 , 522.0 , 1
0.0 , 0.0 , 2973341 , 2973877 , 531 , 537 , 0.99 , 519.0 , 1
0.0 , 0.0 , 443695 , 444225 , 527 , 532 , 0.99 , 516.0 , 1
0.0 , 0.0 , 2500 , 1970 , 527 , 532 , 0.99 , 516.0 , 1
0.0 , 0.0 , 2500 , 1964 , 527 , 537 , 0.98 , 507.0 , 1
0.0 , 0.0 , 2555 , 2019 , 527 , 537 , 0.98 , 507.0 , 1
0.0 , 0.0 , 1008029 , 1008565 , 527 , 537 , 0.98 , 507.0 , 1
map_2_1.out, NODE_102209_length_498_cov_1.538153, yes, 0.0 , 0.0 , 630077 , 630594 , 517 , 518 , 1.0 , 515.0 , 1
map_2_1.out, NODE_102658_length_1121_cov_47.905441, no,,,,,,,,
map_2_1.out, NODE_104534_length_703_cov_25.533428, yes, 3.54021e-129 , 0.0 , 1038439 , 1038810 , 331 , 372 , 0.89 , 249.0 , 2
map_2_1.out, NODE_104600_length_621_cov_40.193237, no,,,,,,,,
map_2_1.out, NODE_105470_length_626_cov_3.950479, yes, 0.0 , 0.0 , 106168 , 106813 , 613 , 646 , 0.95 , 547.0 , 1
map_2_1.out, NODE_105746_length_599_cov_3.716194, yes, 0.0 , 0.0 , 487288 , 487921 , 613 , 637 , 0.96 , 554.0 , 1
map_2_1.out, NODE_106139_length_491_cov_1.767821, yes, 0.0 , 0.0 , 541033 , 541543 , 510 , 511 , 1.0 , 508.0 , 1
map_2_1.out, NODE_106668_length_546_cov_1.683150, yes, 0.0 , 0.0 , 297513 , 298078 , 563 , 566 , 0.99 , 557.0 , 1
map_2_1.out, NODE_107210_length_1268_cov_23.940851, no,,,,,,,,
map_2_1.out, NODE_107315_length_986_cov_38.024342, no,,,,,,,,
map_2_1.out, NODE_114489_length_844_cov_24.204977, yes, 0.0 , 0.0 , 284547 , 285400 , 779 , 862 , 0.9 , 605.0 , 1
map_2_1.out, NODE_117908_length_705_cov_11.395744, yes, 0.0 , 0.0 , 111695 , 112418 , 687 , 726 , 0.95 , 607.0 , 1
map_2_1.out, NODE_122373_length_501_cov_2.021956, yes, 0.0 , 0.0 , 320608 , 321128 , 520 , 521 , 1.0 , 518.0 , 1
map_2_1.out, NODE_135052_length_758_cov_15.816623, yes, 0.0 , 0.0 , 1028773 , 1027981 , 726 , 804 , 0.9 , 551.0 , 1
map_2_1.out, NODE_140905_length_1542_cov_43.594032, no,,,,,,,,
map_2_1.out, NODE_148248_length_550_cov_44.823635, no,,,,,,,,
map_2_1.out, NODE_149132_length_1729_cov_40.705032, no,,,,,,,,
map_2_1.out, NODE_152144_length_485_cov_1.402062, yes, 0.0 , 0.0 , 300422 , 299918 , 500 , 505 , 0.99 , 490.0 , 1
map_2_1.out, NODE_162748_length_998_cov_21.251503, no,,,,,,,,
map_2_1.out, NODE_164860_length_616_cov_1.737013, yes, 0.0 , 0.0 , 369850 , 369215 , 631 , 636 , 0.99 , 621.0 , 1
map_2_1.out, NODE_166757_length_1115_cov_47.804485, no,,,,,,,,
map_2_1.out, NODE_168263_length_778_cov_43.539845, no,,,,,,,,
